2025-09-28 15:01:14 [main] INFO  c.example.ragone.RagOneApplication - Starting RagOneApplication using Java 24.0.2 with PID 10004 (/home/a/IdeaProjects/RAG-one/target/classes started by a in /home/a/IdeaProjects/RAG-one)
2025-09-28 15:01:14 [main] DEBUG c.example.ragone.RagOneApplication - Running with Spring Boot v3.5.6, Spring v6.2.11
2025-09-28 15:01:14 [main] INFO  c.example.ragone.RagOneApplication - No active profile set, falling back to 1 default profile: "default"
2025-09-28 15:01:14 [main] INFO  o.s.d.r.c.RepositoryConfigurationDelegate - Multiple Spring Data modules found, entering strict repository configuration mode
2025-09-28 15:01:14 [main] INFO  o.s.d.r.c.RepositoryConfigurationDelegate - Bootstrapping Spring Data JPA repositories in DEFAULT mode.
2025-09-28 15:01:14 [main] INFO  o.s.d.r.c.RepositoryConfigurationDelegate - Finished Spring Data repository scanning in 96 ms. Found 9 JPA repository interfaces.
2025-09-28 15:01:14 [main] INFO  o.s.d.r.c.RepositoryConfigurationDelegate - Multiple Spring Data modules found, entering strict repository configuration mode
2025-09-28 15:01:14 [main] INFO  o.s.d.r.c.RepositoryConfigurationDelegate - Bootstrapping Spring Data Redis repositories in DEFAULT mode.
2025-09-28 15:01:14 [main] INFO  o.s.d.r.c.RepositoryConfigurationExtensionSupport - Spring Data Redis - Could not safely identify store assignment for repository candidate interface com.example.ragone.repository.CharacterProfileRepository; If you want this repository to be a Redis repository, consider annotating your entities with one of these annotations: org.springframework.data.redis.core.RedisHash (preferred), or consider extending one of the following types with your repository: org.springframework.data.keyvalue.repository.KeyValueRepository
2025-09-28 15:01:14 [main] INFO  o.s.d.r.c.RepositoryConfigurationExtensionSupport - Spring Data Redis - Could not safely identify store assignment for repository candidate interface com.example.ragone.repository.CharacterRepository; If you want this repository to be a Redis repository, consider annotating your entities with one of these annotations: org.springframework.data.redis.core.RedisHash (preferred), or consider extending one of the following types with your repository: org.springframework.data.keyvalue.repository.KeyValueRepository
2025-09-28 15:01:14 [main] INFO  o.s.d.r.c.RepositoryConfigurationExtensionSupport - Spring Data Redis - Could not safely identify store assignment for repository candidate interface com.example.ragone.repository.ChatHistoryRepository; If you want this repository to be a Redis repository, consider annotating your entities with one of these annotations: org.springframework.data.redis.core.RedisHash (preferred), or consider extending one of the following types with your repository: org.springframework.data.keyvalue.repository.KeyValueRepository
2025-09-28 15:01:14 [main] INFO  o.s.d.r.c.RepositoryConfigurationExtensionSupport - Spring Data Redis - Could not safely identify store assignment for repository candidate interface com.example.ragone.repository.DocumentChunkRepository; If you want this repository to be a Redis repository, consider annotating your entities with one of these annotations: org.springframework.data.redis.core.RedisHash (preferred), or consider extending one of the following types with your repository: org.springframework.data.keyvalue.repository.KeyValueRepository
2025-09-28 15:01:14 [main] INFO  o.s.d.r.c.RepositoryConfigurationExtensionSupport - Spring Data Redis - Could not safely identify store assignment for repository candidate interface com.example.ragone.repository.DocumentRepository; If you want this repository to be a Redis repository, consider annotating your entities with one of these annotations: org.springframework.data.redis.core.RedisHash (preferred), or consider extending one of the following types with your repository: org.springframework.data.keyvalue.repository.KeyValueRepository
2025-09-28 15:01:14 [main] INFO  o.s.d.r.c.RepositoryConfigurationExtensionSupport - Spring Data Redis - Could not safely identify store assignment for repository candidate interface com.example.ragone.repository.KnowledgeBaseRepository; If you want this repository to be a Redis repository, consider annotating your entities with one of these annotations: org.springframework.data.redis.core.RedisHash (preferred), or consider extending one of the following types with your repository: org.springframework.data.keyvalue.repository.KeyValueRepository
2025-09-28 15:01:14 [main] INFO  o.s.d.r.c.RepositoryConfigurationExtensionSupport - Spring Data Redis - Could not safely identify store assignment for repository candidate interface com.example.ragone.repository.RolePlayHistoryRepository; If you want this repository to be a Redis repository, consider annotating your entities with one of these annotations: org.springframework.data.redis.core.RedisHash (preferred), or consider extending one of the following types with your repository: org.springframework.data.keyvalue.repository.KeyValueRepository
2025-09-28 15:01:14 [main] INFO  o.s.d.r.c.RepositoryConfigurationExtensionSupport - Spring Data Redis - Could not safely identify store assignment for repository candidate interface com.example.ragone.repository.RolePlaySessionRepository; If you want this repository to be a Redis repository, consider annotating your entities with one of these annotations: org.springframework.data.redis.core.RedisHash (preferred), or consider extending one of the following types with your repository: org.springframework.data.keyvalue.repository.KeyValueRepository
2025-09-28 15:01:14 [main] INFO  o.s.d.r.c.RepositoryConfigurationExtensionSupport - Spring Data Redis - Could not safely identify store assignment for repository candidate interface com.example.ragone.repository.UserRepository; If you want this repository to be a Redis repository, consider annotating your entities with one of these annotations: org.springframework.data.redis.core.RedisHash (preferred), or consider extending one of the following types with your repository: org.springframework.data.keyvalue.repository.KeyValueRepository
2025-09-28 15:01:14 [main] INFO  o.s.d.r.c.RepositoryConfigurationDelegate - Finished Spring Data repository scanning in 4 ms. Found 0 Redis repository interfaces.
2025-09-28 15:01:15 [main] INFO  o.s.b.w.e.tomcat.TomcatWebServer - Tomcat initialized with port 8080 (http)
2025-09-28 15:01:15 [main] INFO  o.a.catalina.core.StandardService - Starting service [Tomcat]
2025-09-28 15:01:15 [main] INFO  o.a.catalina.core.StandardEngine - Starting Servlet engine: [Apache Tomcat/10.1.46]
2025-09-28 15:01:15 [main] INFO  o.a.c.c.C.[Tomcat].[localhost].[/] - Initializing Spring embedded WebApplicationContext
2025-09-28 15:01:15 [main] INFO  o.s.b.w.s.c.ServletWebServerApplicationContext - Root WebApplicationContext: initialization completed in 1093 ms
2025-09-28 15:01:15 [main] INFO  o.h.jpa.internal.util.LogHelper - HHH000204: Processing PersistenceUnitInfo [name: default]
2025-09-28 15:01:15 [main] INFO  org.hibernate.Version - HHH000412: Hibernate ORM core version 6.6.29.Final
2025-09-28 15:01:15 [main] INFO  o.h.c.i.RegionFactoryInitiator - HHH000026: Second-level cache disabled
2025-09-28 15:01:15 [main] INFO  o.s.o.j.p.SpringPersistenceUnitInfo - No LoadTimeWeaver setup: ignoring JPA class transformer
2025-09-28 15:01:15 [main] INFO  com.zaxxer.hikari.HikariDataSource - HikariPool-1 - Starting...
2025-09-28 15:01:15 [main] INFO  com.zaxxer.hikari.pool.HikariPool - HikariPool-1 - Added connection org.postgresql.jdbc.PgConnection@69ed96e1
2025-09-28 15:01:15 [main] INFO  com.zaxxer.hikari.HikariDataSource - HikariPool-1 - Start completed.
2025-09-28 15:01:15 [main] WARN  org.hibernate.orm.deprecation - HHH90000025: PostgreSQLDialect does not need to be specified explicitly using 'hibernate.dialect' (remove the property setting and it will be selected by default)
2025-09-28 15:01:15 [main] INFO  o.hibernate.orm.connections.pooling - HHH10001005: Database info:
	Database JDBC URL [Connecting through datasource 'HikariDataSource (HikariPool-1)']
	Database driver: undefined/unknown
	Database version: 16.10
	Autocommit mode: undefined/unknown
	Isolation level: undefined/unknown
	Minimum pool size: undefined/unknown
	Maximum pool size: undefined/unknown
2025-09-28 15:01:16 [main] INFO  o.h.e.t.j.p.i.JtaPlatformInitiator - HHH000489: No JTA platform available (set 'hibernate.transaction.jta.platform' to enable JTA platform integration)
2025-09-28 15:01:16 [main] INFO  o.s.o.j.LocalContainerEntityManagerFactoryBean - Initialized JPA EntityManagerFactory for persistence unit 'default'
2025-09-28 15:01:17 [main] DEBUG c.e.r.s.JwtAuthenticationFilter - Filter 'jwtAuthenticationFilter' configured for use
2025-09-28 15:01:17 [main] INFO  o.s.s.c.a.a.c.InitializeUserDetailsBeanManagerConfigurer$InitializeUserDetailsManagerConfigurer - Global AuthenticationManager configured with UserDetailsService bean with name userDetailsServiceImpl
2025-09-28 15:01:17 [main] INFO  o.s.d.j.r.query.QueryEnhancerFactory - Hibernate is in classpath; If applicable, HQL parser will be used.
2025-09-28 15:01:18 [main] WARN  o.s.b.a.o.j.JpaBaseConfiguration$JpaWebConfiguration - spring.jpa.open-in-view is enabled by default. Therefore, database queries may be performed during view rendering. Explicitly configure spring.jpa.open-in-view to disable this warning
2025-09-28 15:01:18 [main] INFO  o.s.b.a.e.web.EndpointLinksResolver - Exposing 2 endpoints beneath base path '/actuator'
2025-09-28 15:01:18 [main] DEBUG o.s.s.web.DefaultSecurityFilterChain - Will secure any request with filters: DisableEncodeUrlFilter, WebAsyncManagerIntegrationFilter, SecurityContextHolderFilter, HeaderWriterFilter, CorsFilter, LogoutFilter, JwtAuthenticationFilter, RequestCacheAwareFilter, SecurityContextHolderAwareRequestFilter, AnonymousAuthenticationFilter, SessionManagementFilter, ExceptionTranslationFilter, AuthorizationFilter
2025-09-28 15:01:18 [main] INFO  o.s.b.w.e.tomcat.TomcatWebServer - Tomcat started on port 8080 (http) with context path '/'
2025-09-28 15:01:18 [main] INFO  c.example.ragone.RagOneApplication - Started RagOneApplication in 4.778 seconds (process running for 5.132)
2025-09-28 15:01:19 [RMI TCP Connection(1)-127.0.0.1] INFO  o.a.c.c.C.[Tomcat].[localhost].[/] - Initializing Spring DispatcherServlet 'dispatcherServlet'
2025-09-28 15:01:19 [RMI TCP Connection(1)-127.0.0.1] INFO  o.s.web.servlet.DispatcherServlet - Initializing Servlet 'dispatcherServlet'
2025-09-28 15:01:19 [RMI TCP Connection(1)-127.0.0.1] INFO  o.s.web.servlet.DispatcherServlet - Completed initialization in 1 ms
2025-09-28 15:01:53 [http-nio-8080-exec-1] DEBUG o.s.security.web.FilterChainProxy - Securing OPTIONS /api/auth/login
2025-09-28 15:01:53 [http-nio-8080-exec-2] DEBUG o.s.security.web.FilterChainProxy - Securing POST /api/auth/login
2025-09-28 15:01:53 [http-nio-8080-exec-2] DEBUG c.e.r.s.JwtAuthenticationFilter - Processing request: POST /api/auth/login, JWT token present: false
2025-09-28 15:01:53 [http-nio-8080-exec-2] DEBUG c.e.r.s.JwtAuthenticationFilter - No JWT token found in request headers
2025-09-28 15:01:53 [http-nio-8080-exec-2] DEBUG o.s.s.w.a.AnonymousAuthenticationFilter - Set SecurityContextHolder to anonymous SecurityContext
2025-09-28 15:01:53 [http-nio-8080-exec-2] DEBUG o.s.security.web.FilterChainProxy - Secured POST /api/auth/login
2025-09-28 15:01:53 [http-nio-8080-exec-2] DEBUG o.s.s.a.d.DaoAuthenticationProvider - Failed to authenticate since password does not match stored value
2025-09-28 15:01:53 [http-nio-8080-exec-2] DEBUG o.s.s.authentication.ProviderManager - Authentication failed with provider DaoAuthenticationProvider since 用户名或密码错误
2025-09-28 15:01:53 [http-nio-8080-exec-2] ERROR c.e.r.s.JwtAuthenticationEntryPoint - Unauthorized error: 用户名或密码错误 for path: /api/auth/login
2025-09-28 15:02:16 [http-nio-8080-exec-3] DEBUG o.s.security.web.FilterChainProxy - Securing POST /api/auth/login
2025-09-28 15:02:16 [http-nio-8080-exec-3] DEBUG c.e.r.s.JwtAuthenticationFilter - Processing request: POST /api/auth/login, JWT token present: false
2025-09-28 15:02:16 [http-nio-8080-exec-3] DEBUG c.e.r.s.JwtAuthenticationFilter - No JWT token found in request headers
2025-09-28 15:02:16 [http-nio-8080-exec-3] DEBUG o.s.s.w.a.AnonymousAuthenticationFilter - Set SecurityContextHolder to anonymous SecurityContext
2025-09-28 15:02:16 [http-nio-8080-exec-3] DEBUG o.s.security.web.FilterChainProxy - Secured POST /api/auth/login
2025-09-28 15:02:16 [http-nio-8080-exec-3] DEBUG o.s.s.a.d.DaoAuthenticationProvider - Failed to authenticate since password does not match stored value
2025-09-28 15:02:16 [http-nio-8080-exec-3] DEBUG o.s.s.authentication.ProviderManager - Authentication failed with provider DaoAuthenticationProvider since 用户名或密码错误
2025-09-28 15:02:16 [http-nio-8080-exec-3] ERROR c.e.r.s.JwtAuthenticationEntryPoint - Unauthorized error: 用户名或密码错误 for path: /api/auth/login
2025-09-28 15:02:24 [http-nio-8080-exec-4] DEBUG o.s.security.web.FilterChainProxy - Securing POST /api/auth/login
2025-09-28 15:02:24 [http-nio-8080-exec-4] DEBUG c.e.r.s.JwtAuthenticationFilter - Processing request: POST /api/auth/login, JWT token present: false
2025-09-28 15:02:24 [http-nio-8080-exec-4] DEBUG c.e.r.s.JwtAuthenticationFilter - No JWT token found in request headers
2025-09-28 15:02:24 [http-nio-8080-exec-4] DEBUG o.s.s.w.a.AnonymousAuthenticationFilter - Set SecurityContextHolder to anonymous SecurityContext
2025-09-28 15:02:24 [http-nio-8080-exec-4] DEBUG o.s.security.web.FilterChainProxy - Secured POST /api/auth/login
2025-09-28 15:02:24 [http-nio-8080-exec-4] DEBUG o.s.s.a.d.DaoAuthenticationProvider - Failed to authenticate since password does not match stored value
2025-09-28 15:02:24 [http-nio-8080-exec-4] DEBUG o.s.s.authentication.ProviderManager - Authentication failed with provider DaoAuthenticationProvider since 用户名或密码错误
2025-09-28 15:02:24 [http-nio-8080-exec-4] ERROR c.e.r.s.JwtAuthenticationEntryPoint - Unauthorized error: 用户名或密码错误 for path: /api/auth/login
2025-09-28 15:02:49 [http-nio-8080-exec-7] DEBUG o.s.security.web.FilterChainProxy - Securing OPTIONS /api/auth/register
2025-09-28 15:02:49 [http-nio-8080-exec-6] DEBUG o.s.security.web.FilterChainProxy - Securing POST /api/auth/register
2025-09-28 15:02:49 [http-nio-8080-exec-6] DEBUG c.e.r.s.JwtAuthenticationFilter - Processing request: POST /api/auth/register, JWT token present: false
2025-09-28 15:02:49 [http-nio-8080-exec-6] DEBUG c.e.r.s.JwtAuthenticationFilter - No JWT token found in request headers
2025-09-28 15:02:49 [http-nio-8080-exec-6] DEBUG o.s.s.w.a.AnonymousAuthenticationFilter - Set SecurityContextHolder to anonymous SecurityContext
2025-09-28 15:02:49 [http-nio-8080-exec-6] DEBUG o.s.security.web.FilterChainProxy - Secured POST /api/auth/register
2025-09-28 15:03:02 [http-nio-8080-exec-8] DEBUG o.s.security.web.FilterChainProxy - Securing POST /api/auth/login
2025-09-28 15:03:02 [http-nio-8080-exec-8] DEBUG c.e.r.s.JwtAuthenticationFilter - Processing request: POST /api/auth/login, JWT token present: false
2025-09-28 15:03:02 [http-nio-8080-exec-8] DEBUG c.e.r.s.JwtAuthenticationFilter - No JWT token found in request headers
2025-09-28 15:03:02 [http-nio-8080-exec-8] DEBUG o.s.s.w.a.AnonymousAuthenticationFilter - Set SecurityContextHolder to anonymous SecurityContext
2025-09-28 15:03:02 [http-nio-8080-exec-8] DEBUG o.s.security.web.FilterChainProxy - Secured POST /api/auth/login
2025-09-28 15:03:02 [http-nio-8080-exec-8] DEBUG o.s.s.a.d.DaoAuthenticationProvider - Failed to authenticate since password does not match stored value
2025-09-28 15:03:02 [http-nio-8080-exec-8] DEBUG o.s.s.authentication.ProviderManager - Authentication failed with provider DaoAuthenticationProvider since 用户名或密码错误
2025-09-28 15:03:02 [http-nio-8080-exec-8] ERROR c.e.r.s.JwtAuthenticationEntryPoint - Unauthorized error: 用户名或密码错误 for path: /api/auth/login
2025-09-28 15:04:23 [http-nio-8080-exec-10] DEBUG o.s.security.web.FilterChainProxy - Securing POST /api/auth/login
2025-09-28 15:04:23 [http-nio-8080-exec-10] DEBUG c.e.r.s.JwtAuthenticationFilter - Processing request: POST /api/auth/login, JWT token present: false
2025-09-28 15:04:23 [http-nio-8080-exec-10] DEBUG c.e.r.s.JwtAuthenticationFilter - No JWT token found in request headers
2025-09-28 15:04:23 [http-nio-8080-exec-10] DEBUG o.s.s.w.a.AnonymousAuthenticationFilter - Set SecurityContextHolder to anonymous SecurityContext
2025-09-28 15:04:23 [http-nio-8080-exec-10] DEBUG o.s.security.web.FilterChainProxy - Secured POST /api/auth/login
2025-09-28 15:04:23 [http-nio-8080-exec-10] DEBUG o.s.s.a.d.DaoAuthenticationProvider - Failed to authenticate since password does not match stored value
2025-09-28 15:04:23 [http-nio-8080-exec-10] DEBUG o.s.s.authentication.ProviderManager - Authentication failed with provider DaoAuthenticationProvider since 用户名或密码错误
2025-09-28 15:04:23 [http-nio-8080-exec-10] ERROR c.e.r.s.JwtAuthenticationEntryPoint - Unauthorized error: 用户名或密码错误 for path: /api/auth/login
2025-09-28 15:04:36 [http-nio-8080-exec-1] DEBUG o.s.security.web.FilterChainProxy - Securing POST /api/auth/login
2025-09-28 15:04:36 [http-nio-8080-exec-1] DEBUG c.e.r.s.JwtAuthenticationFilter - Processing request: POST /api/auth/login, JWT token present: false
2025-09-28 15:04:36 [http-nio-8080-exec-1] DEBUG c.e.r.s.JwtAuthenticationFilter - No JWT token found in request headers
2025-09-28 15:04:36 [http-nio-8080-exec-1] DEBUG o.s.s.w.a.AnonymousAuthenticationFilter - Set SecurityContextHolder to anonymous SecurityContext
2025-09-28 15:04:36 [http-nio-8080-exec-1] DEBUG o.s.security.web.FilterChainProxy - Secured POST /api/auth/login
2025-09-28 15:04:36 [http-nio-8080-exec-1] DEBUG o.s.s.a.d.DaoAuthenticationProvider - Failed to authenticate since password does not match stored value
2025-09-28 15:04:36 [http-nio-8080-exec-1] DEBUG o.s.s.authentication.ProviderManager - Authentication failed with provider DaoAuthenticationProvider since 用户名或密码错误
2025-09-28 15:04:36 [http-nio-8080-exec-1] ERROR c.e.r.s.JwtAuthenticationEntryPoint - Unauthorized error: 用户名或密码错误 for path: /api/auth/login
2025-09-28 15:07:43 [http-nio-8080-exec-3] DEBUG o.s.security.web.FilterChainProxy - Securing POST /api/auth/login
2025-09-28 15:07:43 [http-nio-8080-exec-3] DEBUG c.e.r.s.JwtAuthenticationFilter - Processing request: POST /api/auth/login, JWT token present: false
2025-09-28 15:07:43 [http-nio-8080-exec-3] DEBUG c.e.r.s.JwtAuthenticationFilter - No JWT token found in request headers
2025-09-28 15:07:43 [http-nio-8080-exec-3] DEBUG o.s.s.w.a.AnonymousAuthenticationFilter - Set SecurityContextHolder to anonymous SecurityContext
2025-09-28 15:07:43 [http-nio-8080-exec-3] DEBUG o.s.security.web.FilterChainProxy - Secured POST /api/auth/login
2025-09-28 15:07:43 [http-nio-8080-exec-3] DEBUG o.s.s.a.d.DaoAuthenticationProvider - Authenticated user
2025-09-28 15:07:43 [http-nio-8080-exec-4] DEBUG o.s.security.web.FilterChainProxy - Securing OPTIONS /api/auth/me
2025-09-28 15:07:43 [http-nio-8080-exec-5] DEBUG o.s.security.web.FilterChainProxy - Securing GET /api/auth/me
2025-09-28 15:07:43 [http-nio-8080-exec-5] DEBUG c.e.r.s.JwtAuthenticationFilter - Processing request: GET /api/auth/me, JWT token present: true
2025-09-28 15:07:43 [http-nio-8080-exec-5] DEBUG c.e.r.s.JwtAuthenticationFilter - JWT token found: eyJhbGciOiJIUzI1NiJ9...
2025-09-28 15:07:43 [http-nio-8080-exec-5] DEBUG c.e.r.s.JwtAuthenticationFilter - JWT token is valid for user: hello
2025-09-28 15:07:43 [http-nio-8080-exec-5] DEBUG c.e.r.s.JwtAuthenticationFilter - User hello authenticated successfully
2025-09-28 15:07:43 [http-nio-8080-exec-5] DEBUG o.s.security.web.FilterChainProxy - Secured GET /api/auth/me
2025-09-28 15:07:43 [http-nio-8080-exec-6] DEBUG o.s.security.web.FilterChainProxy - Securing OPTIONS /api/knowledge-bases
2025-09-28 15:07:43 [http-nio-8080-exec-7] DEBUG o.s.security.web.FilterChainProxy - Securing OPTIONS /api/knowledge-bases
2025-09-28 15:07:43 [http-nio-8080-exec-8] DEBUG o.s.security.web.FilterChainProxy - Securing GET /api/knowledge-bases
2025-09-28 15:07:43 [http-nio-8080-exec-8] DEBUG c.e.r.s.JwtAuthenticationFilter - Processing request: GET /api/knowledge-bases, JWT token present: true
2025-09-28 15:07:43 [http-nio-8080-exec-8] DEBUG c.e.r.s.JwtAuthenticationFilter - JWT token found: eyJhbGciOiJIUzI1NiJ9...
2025-09-28 15:07:43 [http-nio-8080-exec-8] DEBUG c.e.r.s.JwtAuthenticationFilter - JWT token is valid for user: hello
2025-09-28 15:07:43 [http-nio-8080-exec-8] DEBUG c.e.r.s.JwtAuthenticationFilter - User hello authenticated successfully
2025-09-28 15:07:43 [http-nio-8080-exec-8] DEBUG o.s.security.web.FilterChainProxy - Secured GET /api/knowledge-bases
2025-09-28 15:07:43 [http-nio-8080-exec-9] DEBUG o.s.security.web.FilterChainProxy - Securing GET /api/knowledge-bases
2025-09-28 15:07:43 [http-nio-8080-exec-9] DEBUG c.e.r.s.JwtAuthenticationFilter - Processing request: GET /api/knowledge-bases, JWT token present: true
2025-09-28 15:07:43 [http-nio-8080-exec-9] DEBUG c.e.r.s.JwtAuthenticationFilter - JWT token found: eyJhbGciOiJIUzI1NiJ9...
2025-09-28 15:07:43 [http-nio-8080-exec-9] DEBUG c.e.r.s.JwtAuthenticationFilter - JWT token is valid for user: hello
2025-09-28 15:07:43 [http-nio-8080-exec-9] DEBUG c.e.r.s.JwtAuthenticationFilter - User hello authenticated successfully
2025-09-28 15:07:43 [http-nio-8080-exec-9] DEBUG o.s.security.web.FilterChainProxy - Secured GET /api/knowledge-bases
2025-09-28 15:07:46 [http-nio-8080-exec-10] DEBUG o.s.security.web.FilterChainProxy - Securing GET /api/knowledge-bases
2025-09-28 15:07:46 [http-nio-8080-exec-10] DEBUG c.e.r.s.JwtAuthenticationFilter - Processing request: GET /api/knowledge-bases, JWT token present: true
2025-09-28 15:07:46 [http-nio-8080-exec-10] DEBUG c.e.r.s.JwtAuthenticationFilter - JWT token found: eyJhbGciOiJIUzI1NiJ9...
2025-09-28 15:07:46 [http-nio-8080-exec-10] DEBUG c.e.r.s.JwtAuthenticationFilter - JWT token is valid for user: hello
2025-09-28 15:07:46 [http-nio-8080-exec-10] DEBUG c.e.r.s.JwtAuthenticationFilter - User hello authenticated successfully
2025-09-28 15:07:46 [http-nio-8080-exec-10] DEBUG o.s.security.web.FilterChainProxy - Secured GET /api/knowledge-bases
2025-09-28 15:07:46 [http-nio-8080-exec-1] DEBUG o.s.security.web.FilterChainProxy - Securing GET /api/knowledge-bases
2025-09-28 15:07:46 [http-nio-8080-exec-1] DEBUG c.e.r.s.JwtAuthenticationFilter - Processing request: GET /api/knowledge-bases, JWT token present: true
2025-09-28 15:07:46 [http-nio-8080-exec-1] DEBUG c.e.r.s.JwtAuthenticationFilter - JWT token found: eyJhbGciOiJIUzI1NiJ9...
2025-09-28 15:07:46 [http-nio-8080-exec-1] DEBUG c.e.r.s.JwtAuthenticationFilter - JWT token is valid for user: hello
2025-09-28 15:07:46 [http-nio-8080-exec-1] DEBUG c.e.r.s.JwtAuthenticationFilter - User hello authenticated successfully
2025-09-28 15:07:46 [http-nio-8080-exec-1] DEBUG o.s.security.web.FilterChainProxy - Secured GET /api/knowledge-bases
2025-09-28 15:07:46 [http-nio-8080-exec-2] DEBUG o.s.security.web.FilterChainProxy - Securing GET /api/knowledge-bases
2025-09-28 15:07:46 [http-nio-8080-exec-2] DEBUG c.e.r.s.JwtAuthenticationFilter - Processing request: GET /api/knowledge-bases, JWT token present: true
2025-09-28 15:07:46 [http-nio-8080-exec-2] DEBUG c.e.r.s.JwtAuthenticationFilter - JWT token found: eyJhbGciOiJIUzI1NiJ9...
2025-09-28 15:07:46 [http-nio-8080-exec-2] DEBUG c.e.r.s.JwtAuthenticationFilter - JWT token is valid for user: hello
2025-09-28 15:07:46 [http-nio-8080-exec-2] DEBUG c.e.r.s.JwtAuthenticationFilter - User hello authenticated successfully
2025-09-28 15:07:46 [http-nio-8080-exec-2] DEBUG o.s.security.web.FilterChainProxy - Secured GET /api/knowledge-bases
2025-09-28 15:07:46 [http-nio-8080-exec-3] DEBUG o.s.security.web.FilterChainProxy - Securing GET /api/knowledge-bases
2025-09-28 15:07:46 [http-nio-8080-exec-3] DEBUG c.e.r.s.JwtAuthenticationFilter - Processing request: GET /api/knowledge-bases, JWT token present: true
2025-09-28 15:07:46 [http-nio-8080-exec-3] DEBUG c.e.r.s.JwtAuthenticationFilter - JWT token found: eyJhbGciOiJIUzI1NiJ9...
2025-09-28 15:07:46 [http-nio-8080-exec-3] DEBUG c.e.r.s.JwtAuthenticationFilter - JWT token is valid for user: hello
2025-09-28 15:07:46 [http-nio-8080-exec-3] DEBUG c.e.r.s.JwtAuthenticationFilter - User hello authenticated successfully
2025-09-28 15:07:46 [http-nio-8080-exec-3] DEBUG o.s.security.web.FilterChainProxy - Secured GET /api/knowledge-bases
2025-09-28 15:07:47 [http-nio-8080-exec-4] DEBUG o.s.security.web.FilterChainProxy - Securing OPTIONS /api/characters
2025-09-28 15:07:47 [http-nio-8080-exec-6] DEBUG o.s.security.web.FilterChainProxy - Securing OPTIONS /api/characters
2025-09-28 15:07:47 [http-nio-8080-exec-5] DEBUG o.s.security.web.FilterChainProxy - Securing GET /api/knowledge-bases
2025-09-28 15:07:47 [http-nio-8080-exec-5] DEBUG c.e.r.s.JwtAuthenticationFilter - Processing request: GET /api/knowledge-bases, JWT token present: true
2025-09-28 15:07:47 [http-nio-8080-exec-5] DEBUG c.e.r.s.JwtAuthenticationFilter - JWT token found: eyJhbGciOiJIUzI1NiJ9...
2025-09-28 15:07:47 [http-nio-8080-exec-5] DEBUG c.e.r.s.JwtAuthenticationFilter - JWT token is valid for user: hello
2025-09-28 15:07:47 [http-nio-8080-exec-7] DEBUG o.s.security.web.FilterChainProxy - Securing GET /api/characters
2025-09-28 15:07:47 [http-nio-8080-exec-7] DEBUG c.e.r.s.JwtAuthenticationFilter - Processing request: GET /api/characters, JWT token present: true
2025-09-28 15:07:47 [http-nio-8080-exec-7] DEBUG c.e.r.s.JwtAuthenticationFilter - JWT token found: eyJhbGciOiJIUzI1NiJ9...
2025-09-28 15:07:47 [http-nio-8080-exec-7] DEBUG c.e.r.s.JwtAuthenticationFilter - JWT token is valid for user: hello
2025-09-28 15:07:47 [http-nio-8080-exec-5] DEBUG c.e.r.s.JwtAuthenticationFilter - User hello authenticated successfully
2025-09-28 15:07:47 [http-nio-8080-exec-5] DEBUG o.s.security.web.FilterChainProxy - Secured GET /api/knowledge-bases
2025-09-28 15:07:47 [http-nio-8080-exec-7] DEBUG c.e.r.s.JwtAuthenticationFilter - User hello authenticated successfully
2025-09-28 15:07:47 [http-nio-8080-exec-7] DEBUG o.s.security.web.FilterChainProxy - Secured GET /api/characters
2025-09-28 15:07:47 [http-nio-8080-exec-8] DEBUG o.s.security.web.FilterChainProxy - Securing GET /api/knowledge-bases
2025-09-28 15:07:47 [http-nio-8080-exec-8] DEBUG c.e.r.s.JwtAuthenticationFilter - Processing request: GET /api/knowledge-bases, JWT token present: true
2025-09-28 15:07:47 [http-nio-8080-exec-8] DEBUG c.e.r.s.JwtAuthenticationFilter - JWT token found: eyJhbGciOiJIUzI1NiJ9...
2025-09-28 15:07:47 [http-nio-8080-exec-8] DEBUG c.e.r.s.JwtAuthenticationFilter - JWT token is valid for user: hello
2025-09-28 15:07:47 [http-nio-8080-exec-8] DEBUG c.e.r.s.JwtAuthenticationFilter - User hello authenticated successfully
2025-09-28 15:07:47 [http-nio-8080-exec-8] DEBUG o.s.security.web.FilterChainProxy - Secured GET /api/knowledge-bases
2025-09-28 15:07:47 [http-nio-8080-exec-9] DEBUG o.s.security.web.FilterChainProxy - Securing GET /api/characters
2025-09-28 15:07:47 [http-nio-8080-exec-9] DEBUG c.e.r.s.JwtAuthenticationFilter - Processing request: GET /api/characters, JWT token present: true
2025-09-28 15:07:47 [http-nio-8080-exec-9] DEBUG c.e.r.s.JwtAuthenticationFilter - JWT token found: eyJhbGciOiJIUzI1NiJ9...
2025-09-28 15:07:47 [http-nio-8080-exec-9] DEBUG c.e.r.s.JwtAuthenticationFilter - JWT token is valid for user: hello
2025-09-28 15:07:47 [http-nio-8080-exec-9] DEBUG c.e.r.s.JwtAuthenticationFilter - User hello authenticated successfully
2025-09-28 15:07:47 [http-nio-8080-exec-9] DEBUG o.s.security.web.FilterChainProxy - Secured GET /api/characters
2025-09-28 15:07:48 [http-nio-8080-exec-10] DEBUG o.s.security.web.FilterChainProxy - Securing GET /api/characters
2025-09-28 15:07:48 [http-nio-8080-exec-10] DEBUG c.e.r.s.JwtAuthenticationFilter - Processing request: GET /api/characters, JWT token present: true
2025-09-28 15:07:48 [http-nio-8080-exec-10] DEBUG c.e.r.s.JwtAuthenticationFilter - JWT token found: eyJhbGciOiJIUzI1NiJ9...
2025-09-28 15:07:48 [http-nio-8080-exec-10] DEBUG c.e.r.s.JwtAuthenticationFilter - JWT token is valid for user: hello
2025-09-28 15:07:48 [http-nio-8080-exec-10] DEBUG c.e.r.s.JwtAuthenticationFilter - User hello authenticated successfully
2025-09-28 15:07:48 [http-nio-8080-exec-10] DEBUG o.s.security.web.FilterChainProxy - Secured GET /api/characters
2025-09-28 15:07:48 [http-nio-8080-exec-1] DEBUG o.s.security.web.FilterChainProxy - Securing GET /api/characters
2025-09-28 15:07:48 [http-nio-8080-exec-1] DEBUG c.e.r.s.JwtAuthenticationFilter - Processing request: GET /api/characters, JWT token present: true
2025-09-28 15:07:48 [http-nio-8080-exec-1] DEBUG c.e.r.s.JwtAuthenticationFilter - JWT token found: eyJhbGciOiJIUzI1NiJ9...
2025-09-28 15:07:48 [http-nio-8080-exec-1] DEBUG c.e.r.s.JwtAuthenticationFilter - JWT token is valid for user: hello
2025-09-28 15:07:48 [http-nio-8080-exec-1] DEBUG c.e.r.s.JwtAuthenticationFilter - User hello authenticated successfully
2025-09-28 15:07:48 [http-nio-8080-exec-1] DEBUG o.s.security.web.FilterChainProxy - Secured GET /api/characters
2025-09-28 15:07:49 [http-nio-8080-exec-2] DEBUG o.s.security.web.FilterChainProxy - Securing GET /api/knowledge-bases
2025-09-28 15:07:49 [http-nio-8080-exec-2] DEBUG c.e.r.s.JwtAuthenticationFilter - Processing request: GET /api/knowledge-bases, JWT token present: true
2025-09-28 15:07:49 [http-nio-8080-exec-2] DEBUG c.e.r.s.JwtAuthenticationFilter - JWT token found: eyJhbGciOiJIUzI1NiJ9...
2025-09-28 15:07:49 [http-nio-8080-exec-2] DEBUG c.e.r.s.JwtAuthenticationFilter - JWT token is valid for user: hello
2025-09-28 15:07:49 [http-nio-8080-exec-2] DEBUG c.e.r.s.JwtAuthenticationFilter - User hello authenticated successfully
2025-09-28 15:07:49 [http-nio-8080-exec-2] DEBUG o.s.security.web.FilterChainProxy - Secured GET /api/knowledge-bases
2025-09-28 15:07:49 [http-nio-8080-exec-3] DEBUG o.s.security.web.FilterChainProxy - Securing GET /api/knowledge-bases
2025-09-28 15:07:49 [http-nio-8080-exec-3] DEBUG c.e.r.s.JwtAuthenticationFilter - Processing request: GET /api/knowledge-bases, JWT token present: true
2025-09-28 15:07:49 [http-nio-8080-exec-3] DEBUG c.e.r.s.JwtAuthenticationFilter - JWT token found: eyJhbGciOiJIUzI1NiJ9...
2025-09-28 15:07:49 [http-nio-8080-exec-3] DEBUG c.e.r.s.JwtAuthenticationFilter - JWT token is valid for user: hello
2025-09-28 15:07:49 [http-nio-8080-exec-3] DEBUG c.e.r.s.JwtAuthenticationFilter - User hello authenticated successfully
2025-09-28 15:07:49 [http-nio-8080-exec-3] DEBUG o.s.security.web.FilterChainProxy - Secured GET /api/knowledge-bases
2025-09-28 15:07:50 [http-nio-8080-exec-6] DEBUG o.s.security.web.FilterChainProxy - Securing GET /api/knowledge-bases
2025-09-28 15:07:50 [http-nio-8080-exec-6] DEBUG c.e.r.s.JwtAuthenticationFilter - Processing request: GET /api/knowledge-bases, JWT token present: true
2025-09-28 15:07:50 [http-nio-8080-exec-6] DEBUG c.e.r.s.JwtAuthenticationFilter - JWT token found: eyJhbGciOiJIUzI1NiJ9...
2025-09-28 15:07:50 [http-nio-8080-exec-6] DEBUG c.e.r.s.JwtAuthenticationFilter - JWT token is valid for user: hello
2025-09-28 15:07:50 [http-nio-8080-exec-6] DEBUG c.e.r.s.JwtAuthenticationFilter - User hello authenticated successfully
2025-09-28 15:07:50 [http-nio-8080-exec-6] DEBUG o.s.security.web.FilterChainProxy - Secured GET /api/knowledge-bases
2025-09-28 15:07:50 [http-nio-8080-exec-4] DEBUG o.s.security.web.FilterChainProxy - Securing GET /api/knowledge-bases
2025-09-28 15:07:50 [http-nio-8080-exec-4] DEBUG c.e.r.s.JwtAuthenticationFilter - Processing request: GET /api/knowledge-bases, JWT token present: true
2025-09-28 15:07:50 [http-nio-8080-exec-4] DEBUG c.e.r.s.JwtAuthenticationFilter - JWT token found: eyJhbGciOiJIUzI1NiJ9...
2025-09-28 15:07:50 [http-nio-8080-exec-4] DEBUG c.e.r.s.JwtAuthenticationFilter - JWT token is valid for user: hello
2025-09-28 15:07:50 [http-nio-8080-exec-4] DEBUG c.e.r.s.JwtAuthenticationFilter - User hello authenticated successfully
2025-09-28 15:07:50 [http-nio-8080-exec-4] DEBUG o.s.security.web.FilterChainProxy - Secured GET /api/knowledge-bases
2025-09-28 15:07:51 [http-nio-8080-exec-5] DEBUG o.s.security.web.FilterChainProxy - Securing GET /api/knowledge-bases
2025-09-28 15:07:51 [http-nio-8080-exec-5] DEBUG c.e.r.s.JwtAuthenticationFilter - Processing request: GET /api/knowledge-bases, JWT token present: true
2025-09-28 15:07:51 [http-nio-8080-exec-5] DEBUG c.e.r.s.JwtAuthenticationFilter - JWT token found: eyJhbGciOiJIUzI1NiJ9...
2025-09-28 15:07:51 [http-nio-8080-exec-5] DEBUG c.e.r.s.JwtAuthenticationFilter - JWT token is valid for user: hello
2025-09-28 15:07:51 [http-nio-8080-exec-5] DEBUG c.e.r.s.JwtAuthenticationFilter - User hello authenticated successfully
2025-09-28 15:07:51 [http-nio-8080-exec-5] DEBUG o.s.security.web.FilterChainProxy - Secured GET /api/knowledge-bases
2025-09-28 15:07:51 [http-nio-8080-exec-8] DEBUG o.s.security.web.FilterChainProxy - Securing GET /api/knowledge-bases
2025-09-28 15:07:51 [http-nio-8080-exec-8] DEBUG c.e.r.s.JwtAuthenticationFilter - Processing request: GET /api/knowledge-bases, JWT token present: true
2025-09-28 15:07:51 [http-nio-8080-exec-8] DEBUG c.e.r.s.JwtAuthenticationFilter - JWT token found: eyJhbGciOiJIUzI1NiJ9...
2025-09-28 15:07:51 [http-nio-8080-exec-8] DEBUG c.e.r.s.JwtAuthenticationFilter - JWT token is valid for user: hello
2025-09-28 15:07:51 [http-nio-8080-exec-8] DEBUG c.e.r.s.JwtAuthenticationFilter - User hello authenticated successfully
2025-09-28 15:07:51 [http-nio-8080-exec-8] DEBUG o.s.security.web.FilterChainProxy - Secured GET /api/knowledge-bases
2025-09-28 15:08:35 [http-nio-8080-exec-7] DEBUG o.s.security.web.FilterChainProxy - Securing GET /api/knowledge-bases
2025-09-28 15:08:35 [http-nio-8080-exec-7] DEBUG c.e.r.s.JwtAuthenticationFilter - Processing request: GET /api/knowledge-bases, JWT token present: true
2025-09-28 15:08:35 [http-nio-8080-exec-7] DEBUG c.e.r.s.JwtAuthenticationFilter - JWT token found: eyJhbGciOiJIUzI1NiJ9...
2025-09-28 15:08:35 [http-nio-8080-exec-7] DEBUG c.e.r.s.JwtAuthenticationFilter - JWT token is valid for user: hello
2025-09-28 15:08:35 [http-nio-8080-exec-7] DEBUG c.e.r.s.JwtAuthenticationFilter - User hello authenticated successfully
2025-09-28 15:08:35 [http-nio-8080-exec-7] DEBUG o.s.security.web.FilterChainProxy - Secured GET /api/knowledge-bases
2025-09-28 15:08:35 [http-nio-8080-exec-9] DEBUG o.s.security.web.FilterChainProxy - Securing GET /api/knowledge-bases
2025-09-28 15:08:35 [http-nio-8080-exec-9] DEBUG c.e.r.s.JwtAuthenticationFilter - Processing request: GET /api/knowledge-bases, JWT token present: true
2025-09-28 15:08:35 [http-nio-8080-exec-9] DEBUG c.e.r.s.JwtAuthenticationFilter - JWT token found: eyJhbGciOiJIUzI1NiJ9...
2025-09-28 15:08:35 [http-nio-8080-exec-9] DEBUG c.e.r.s.JwtAuthenticationFilter - JWT token is valid for user: hello
2025-09-28 15:08:35 [http-nio-8080-exec-9] DEBUG c.e.r.s.JwtAuthenticationFilter - User hello authenticated successfully
2025-09-28 15:08:35 [http-nio-8080-exec-9] DEBUG o.s.security.web.FilterChainProxy - Secured GET /api/knowledge-bases
2025-09-28 15:08:40 [http-nio-8080-exec-10] DEBUG o.s.security.web.FilterChainProxy - Securing POST /api/knowledge-bases
2025-09-28 15:08:40 [http-nio-8080-exec-10] DEBUG c.e.r.s.JwtAuthenticationFilter - Processing request: POST /api/knowledge-bases, JWT token present: true
2025-09-28 15:08:40 [http-nio-8080-exec-10] DEBUG c.e.r.s.JwtAuthenticationFilter - JWT token found: eyJhbGciOiJIUzI1NiJ9...
2025-09-28 15:08:40 [http-nio-8080-exec-10] DEBUG c.e.r.s.JwtAuthenticationFilter - JWT token is valid for user: hello
2025-09-28 15:08:40 [http-nio-8080-exec-10] DEBUG c.e.r.s.JwtAuthenticationFilter - User hello authenticated successfully
2025-09-28 15:08:40 [http-nio-8080-exec-10] DEBUG o.s.security.web.FilterChainProxy - Secured POST /api/knowledge-bases
2025-09-28 15:08:40 [http-nio-8080-exec-1] DEBUG o.s.security.web.FilterChainProxy - Securing GET /api/knowledge-bases
2025-09-28 15:08:40 [http-nio-8080-exec-1] DEBUG c.e.r.s.JwtAuthenticationFilter - Processing request: GET /api/knowledge-bases, JWT token present: true
2025-09-28 15:08:40 [http-nio-8080-exec-1] DEBUG c.e.r.s.JwtAuthenticationFilter - JWT token found: eyJhbGciOiJIUzI1NiJ9...
2025-09-28 15:08:40 [http-nio-8080-exec-1] DEBUG c.e.r.s.JwtAuthenticationFilter - JWT token is valid for user: hello
2025-09-28 15:08:40 [http-nio-8080-exec-1] DEBUG c.e.r.s.JwtAuthenticationFilter - User hello authenticated successfully
2025-09-28 15:08:40 [http-nio-8080-exec-1] DEBUG o.s.security.web.FilterChainProxy - Secured GET /api/knowledge-bases
2025-09-28 15:08:42 [http-nio-8080-exec-2] DEBUG o.s.security.web.FilterChainProxy - Securing GET /api/knowledge-bases
2025-09-28 15:08:42 [http-nio-8080-exec-2] DEBUG c.e.r.s.JwtAuthenticationFilter - Processing request: GET /api/knowledge-bases, JWT token present: true
2025-09-28 15:08:42 [http-nio-8080-exec-2] DEBUG c.e.r.s.JwtAuthenticationFilter - JWT token found: eyJhbGciOiJIUzI1NiJ9...
2025-09-28 15:08:42 [http-nio-8080-exec-2] DEBUG c.e.r.s.JwtAuthenticationFilter - JWT token is valid for user: hello
2025-09-28 15:08:42 [http-nio-8080-exec-2] DEBUG c.e.r.s.JwtAuthenticationFilter - User hello authenticated successfully
2025-09-28 15:08:42 [http-nio-8080-exec-2] DEBUG o.s.security.web.FilterChainProxy - Secured GET /api/knowledge-bases
2025-09-28 15:08:42 [http-nio-8080-exec-3] DEBUG o.s.security.web.FilterChainProxy - Securing GET /api/knowledge-bases
2025-09-28 15:08:42 [http-nio-8080-exec-3] DEBUG c.e.r.s.JwtAuthenticationFilter - Processing request: GET /api/knowledge-bases, JWT token present: true
2025-09-28 15:08:42 [http-nio-8080-exec-3] DEBUG c.e.r.s.JwtAuthenticationFilter - JWT token found: eyJhbGciOiJIUzI1NiJ9...
2025-09-28 15:08:42 [http-nio-8080-exec-3] DEBUG c.e.r.s.JwtAuthenticationFilter - JWT token is valid for user: hello
2025-09-28 15:08:42 [http-nio-8080-exec-3] DEBUG c.e.r.s.JwtAuthenticationFilter - User hello authenticated successfully
2025-09-28 15:08:42 [http-nio-8080-exec-3] DEBUG o.s.security.web.FilterChainProxy - Secured GET /api/knowledge-bases
2025-09-28 15:08:42 [http-nio-8080-exec-6] DEBUG o.s.security.web.FilterChainProxy - Securing OPTIONS /api/documents?knowledgeBaseId=6
2025-09-28 15:08:42 [http-nio-8080-exec-4] DEBUG o.s.security.web.FilterChainProxy - Securing GET /api/documents?knowledgeBaseId=6
2025-09-28 15:08:42 [http-nio-8080-exec-4] DEBUG c.e.r.s.JwtAuthenticationFilter - Processing request: GET /api/documents, JWT token present: true
2025-09-28 15:08:42 [http-nio-8080-exec-4] DEBUG c.e.r.s.JwtAuthenticationFilter - JWT token found: eyJhbGciOiJIUzI1NiJ9...
2025-09-28 15:08:42 [http-nio-8080-exec-4] DEBUG c.e.r.s.JwtAuthenticationFilter - JWT token is valid for user: hello
2025-09-28 15:08:42 [http-nio-8080-exec-4] DEBUG c.e.r.s.JwtAuthenticationFilter - User hello authenticated successfully
2025-09-28 15:08:42 [http-nio-8080-exec-4] DEBUG o.s.security.web.FilterChainProxy - Secured GET /api/documents?knowledgeBaseId=6
2025-09-28 15:08:45 [http-nio-8080-exec-5] DEBUG o.s.security.web.FilterChainProxy - Securing OPTIONS /api/documents/upload
2025-09-28 15:08:45 [http-nio-8080-exec-8] DEBUG o.s.security.web.FilterChainProxy - Securing POST /api/documents/upload
2025-09-28 15:08:45 [http-nio-8080-exec-8] DEBUG c.e.r.s.JwtAuthenticationFilter - Processing request: POST /api/documents/upload, JWT token present: true
2025-09-28 15:08:45 [http-nio-8080-exec-8] DEBUG c.e.r.s.JwtAuthenticationFilter - JWT token found: eyJhbGciOiJIUzI1NiJ9...
2025-09-28 15:08:45 [http-nio-8080-exec-8] DEBUG c.e.r.s.JwtAuthenticationFilter - JWT token is valid for user: hello
2025-09-28 15:08:45 [http-nio-8080-exec-8] DEBUG c.e.r.s.JwtAuthenticationFilter - User hello authenticated successfully
2025-09-28 15:08:45 [http-nio-8080-exec-8] DEBUG o.s.security.web.FilterChainProxy - Secured POST /api/documents/upload
2025-09-28 15:09:09 [http-nio-8080-exec-9] DEBUG o.s.security.web.FilterChainProxy - Securing POST /api/documents/upload
2025-09-28 15:09:09 [http-nio-8080-exec-9] DEBUG c.e.r.s.JwtAuthenticationFilter - Processing request: POST /api/documents/upload, JWT token present: true
2025-09-28 15:09:09 [http-nio-8080-exec-9] DEBUG c.e.r.s.JwtAuthenticationFilter - JWT token found: eyJhbGciOiJIUzI1NiJ9...
2025-09-28 15:09:09 [http-nio-8080-exec-9] DEBUG c.e.r.s.JwtAuthenticationFilter - JWT token is valid for user: hello
2025-09-28 15:09:09 [http-nio-8080-exec-9] DEBUG c.e.r.s.JwtAuthenticationFilter - User hello authenticated successfully
2025-09-28 15:09:09 [http-nio-8080-exec-9] DEBUG o.s.security.web.FilterChainProxy - Secured POST /api/documents/upload
2025-09-28 15:09:24 [http-nio-8080-exec-10] DEBUG o.s.security.web.FilterChainProxy - Securing GET /api/knowledge-bases
2025-09-28 15:09:24 [http-nio-8080-exec-10] DEBUG c.e.r.s.JwtAuthenticationFilter - Processing request: GET /api/knowledge-bases, JWT token present: true
2025-09-28 15:09:24 [http-nio-8080-exec-10] DEBUG c.e.r.s.JwtAuthenticationFilter - JWT token found: eyJhbGciOiJIUzI1NiJ9...
2025-09-28 15:09:24 [http-nio-8080-exec-10] DEBUG c.e.r.s.JwtAuthenticationFilter - JWT token is valid for user: hello
2025-09-28 15:09:24 [http-nio-8080-exec-10] DEBUG c.e.r.s.JwtAuthenticationFilter - User hello authenticated successfully
2025-09-28 15:09:24 [http-nio-8080-exec-10] DEBUG o.s.security.web.FilterChainProxy - Secured GET /api/knowledge-bases
2025-09-28 15:09:24 [http-nio-8080-exec-1] DEBUG o.s.security.web.FilterChainProxy - Securing GET /api/knowledge-bases
2025-09-28 15:09:24 [http-nio-8080-exec-1] DEBUG c.e.r.s.JwtAuthenticationFilter - Processing request: GET /api/knowledge-bases, JWT token present: true
2025-09-28 15:09:24 [http-nio-8080-exec-1] DEBUG c.e.r.s.JwtAuthenticationFilter - JWT token found: eyJhbGciOiJIUzI1NiJ9...
2025-09-28 15:09:24 [http-nio-8080-exec-1] DEBUG c.e.r.s.JwtAuthenticationFilter - JWT token is valid for user: hello
2025-09-28 15:09:24 [http-nio-8080-exec-1] DEBUG c.e.r.s.JwtAuthenticationFilter - User hello authenticated successfully
2025-09-28 15:09:24 [http-nio-8080-exec-1] DEBUG o.s.security.web.FilterChainProxy - Secured GET /api/knowledge-bases
2025-09-28 15:09:26 [http-nio-8080-exec-2] DEBUG o.s.security.web.FilterChainProxy - Securing GET /api/knowledge-bases
2025-09-28 15:09:26 [http-nio-8080-exec-2] DEBUG c.e.r.s.JwtAuthenticationFilter - Processing request: GET /api/knowledge-bases, JWT token present: true
2025-09-28 15:09:26 [http-nio-8080-exec-2] DEBUG c.e.r.s.JwtAuthenticationFilter - JWT token found: eyJhbGciOiJIUzI1NiJ9...
2025-09-28 15:09:26 [http-nio-8080-exec-2] DEBUG c.e.r.s.JwtAuthenticationFilter - JWT token is valid for user: hello
2025-09-28 15:09:26 [http-nio-8080-exec-2] DEBUG c.e.r.s.JwtAuthenticationFilter - User hello authenticated successfully
2025-09-28 15:09:26 [http-nio-8080-exec-2] DEBUG o.s.security.web.FilterChainProxy - Secured GET /api/knowledge-bases
2025-09-28 15:09:26 [http-nio-8080-exec-3] DEBUG o.s.security.web.FilterChainProxy - Securing GET /api/knowledge-bases
2025-09-28 15:09:26 [http-nio-8080-exec-3] DEBUG c.e.r.s.JwtAuthenticationFilter - Processing request: GET /api/knowledge-bases, JWT token present: true
2025-09-28 15:09:26 [http-nio-8080-exec-3] DEBUG c.e.r.s.JwtAuthenticationFilter - JWT token found: eyJhbGciOiJIUzI1NiJ9...
2025-09-28 15:09:26 [http-nio-8080-exec-3] DEBUG c.e.r.s.JwtAuthenticationFilter - JWT token is valid for user: hello
2025-09-28 15:09:26 [http-nio-8080-exec-3] DEBUG c.e.r.s.JwtAuthenticationFilter - User hello authenticated successfully
2025-09-28 15:09:26 [http-nio-8080-exec-3] DEBUG o.s.security.web.FilterChainProxy - Secured GET /api/knowledge-bases
2025-09-28 15:09:52 [http-nio-8080-exec-6] DEBUG o.s.security.web.FilterChainProxy - Securing GET /api/characters
2025-09-28 15:09:52 [http-nio-8080-exec-4] DEBUG o.s.security.web.FilterChainProxy - Securing GET /api/knowledge-bases
2025-09-28 15:09:52 [http-nio-8080-exec-4] DEBUG c.e.r.s.JwtAuthenticationFilter - Processing request: GET /api/knowledge-bases, JWT token present: true
2025-09-28 15:09:52 [http-nio-8080-exec-4] DEBUG c.e.r.s.JwtAuthenticationFilter - JWT token found: eyJhbGciOiJIUzI1NiJ9...
2025-09-28 15:09:52 [http-nio-8080-exec-6] DEBUG c.e.r.s.JwtAuthenticationFilter - Processing request: GET /api/characters, JWT token present: true
2025-09-28 15:09:52 [http-nio-8080-exec-6] DEBUG c.e.r.s.JwtAuthenticationFilter - JWT token found: eyJhbGciOiJIUzI1NiJ9...
2025-09-28 15:09:52 [http-nio-8080-exec-4] DEBUG c.e.r.s.JwtAuthenticationFilter - JWT token is valid for user: hello
2025-09-28 15:09:52 [http-nio-8080-exec-6] DEBUG c.e.r.s.JwtAuthenticationFilter - JWT token is valid for user: hello
2025-09-28 15:09:52 [http-nio-8080-exec-4] DEBUG c.e.r.s.JwtAuthenticationFilter - User hello authenticated successfully
2025-09-28 15:09:52 [http-nio-8080-exec-6] DEBUG c.e.r.s.JwtAuthenticationFilter - User hello authenticated successfully
2025-09-28 15:09:52 [http-nio-8080-exec-4] DEBUG o.s.security.web.FilterChainProxy - Secured GET /api/knowledge-bases
2025-09-28 15:09:52 [http-nio-8080-exec-6] DEBUG o.s.security.web.FilterChainProxy - Secured GET /api/characters
2025-09-28 15:09:52 [http-nio-8080-exec-8] DEBUG o.s.security.web.FilterChainProxy - Securing GET /api/characters
2025-09-28 15:09:52 [http-nio-8080-exec-5] DEBUG o.s.security.web.FilterChainProxy - Securing GET /api/knowledge-bases
2025-09-28 15:09:52 [http-nio-8080-exec-8] DEBUG c.e.r.s.JwtAuthenticationFilter - Processing request: GET /api/characters, JWT token present: true
2025-09-28 15:09:52 [http-nio-8080-exec-8] DEBUG c.e.r.s.JwtAuthenticationFilter - JWT token found: eyJhbGciOiJIUzI1NiJ9...
2025-09-28 15:09:52 [http-nio-8080-exec-5] DEBUG c.e.r.s.JwtAuthenticationFilter - Processing request: GET /api/knowledge-bases, JWT token present: true
2025-09-28 15:09:52 [http-nio-8080-exec-5] DEBUG c.e.r.s.JwtAuthenticationFilter - JWT token found: eyJhbGciOiJIUzI1NiJ9...
2025-09-28 15:09:52 [http-nio-8080-exec-8] DEBUG c.e.r.s.JwtAuthenticationFilter - JWT token is valid for user: hello
2025-09-28 15:09:52 [http-nio-8080-exec-5] DEBUG c.e.r.s.JwtAuthenticationFilter - JWT token is valid for user: hello
2025-09-28 15:09:52 [http-nio-8080-exec-5] DEBUG c.e.r.s.JwtAuthenticationFilter - User hello authenticated successfully
2025-09-28 15:09:52 [http-nio-8080-exec-8] DEBUG c.e.r.s.JwtAuthenticationFilter - User hello authenticated successfully
2025-09-28 15:09:52 [http-nio-8080-exec-5] DEBUG o.s.security.web.FilterChainProxy - Secured GET /api/knowledge-bases
2025-09-28 15:09:52 [http-nio-8080-exec-8] DEBUG o.s.security.web.FilterChainProxy - Secured GET /api/characters
2025-09-28 15:09:52 [http-nio-8080-exec-7] DEBUG o.s.security.web.FilterChainProxy - Securing GET /api/characters
2025-09-28 15:09:52 [http-nio-8080-exec-7] DEBUG c.e.r.s.JwtAuthenticationFilter - Processing request: GET /api/characters, JWT token present: true
2025-09-28 15:09:52 [http-nio-8080-exec-7] DEBUG c.e.r.s.JwtAuthenticationFilter - JWT token found: eyJhbGciOiJIUzI1NiJ9...
2025-09-28 15:09:52 [http-nio-8080-exec-7] DEBUG c.e.r.s.JwtAuthenticationFilter - JWT token is valid for user: hello
2025-09-28 15:09:52 [http-nio-8080-exec-7] DEBUG c.e.r.s.JwtAuthenticationFilter - User hello authenticated successfully
2025-09-28 15:09:52 [http-nio-8080-exec-7] DEBUG o.s.security.web.FilterChainProxy - Secured GET /api/characters
2025-09-28 15:09:52 [http-nio-8080-exec-9] DEBUG o.s.security.web.FilterChainProxy - Securing GET /api/characters
2025-09-28 15:09:52 [http-nio-8080-exec-9] DEBUG c.e.r.s.JwtAuthenticationFilter - Processing request: GET /api/characters, JWT token present: true
2025-09-28 15:09:52 [http-nio-8080-exec-9] DEBUG c.e.r.s.JwtAuthenticationFilter - JWT token found: eyJhbGciOiJIUzI1NiJ9...
2025-09-28 15:09:52 [http-nio-8080-exec-9] DEBUG c.e.r.s.JwtAuthenticationFilter - JWT token is valid for user: hello
2025-09-28 15:09:52 [http-nio-8080-exec-9] DEBUG c.e.r.s.JwtAuthenticationFilter - User hello authenticated successfully
2025-09-28 15:09:52 [http-nio-8080-exec-9] DEBUG o.s.security.web.FilterChainProxy - Secured GET /api/characters
2025-09-28 15:09:53 [http-nio-8080-exec-10] DEBUG o.s.security.web.FilterChainProxy - Securing GET /api/knowledge-bases
2025-09-28 15:09:53 [http-nio-8080-exec-10] DEBUG c.e.r.s.JwtAuthenticationFilter - Processing request: GET /api/knowledge-bases, JWT token present: true
2025-09-28 15:09:53 [http-nio-8080-exec-10] DEBUG c.e.r.s.JwtAuthenticationFilter - JWT token found: eyJhbGciOiJIUzI1NiJ9...
2025-09-28 15:09:53 [http-nio-8080-exec-10] DEBUG c.e.r.s.JwtAuthenticationFilter - JWT token is valid for user: hello
2025-09-28 15:09:53 [http-nio-8080-exec-10] DEBUG c.e.r.s.JwtAuthenticationFilter - User hello authenticated successfully
2025-09-28 15:09:53 [http-nio-8080-exec-10] DEBUG o.s.security.web.FilterChainProxy - Secured GET /api/knowledge-bases
2025-09-28 15:09:53 [http-nio-8080-exec-1] DEBUG o.s.security.web.FilterChainProxy - Securing GET /api/knowledge-bases
2025-09-28 15:09:53 [http-nio-8080-exec-1] DEBUG c.e.r.s.JwtAuthenticationFilter - Processing request: GET /api/knowledge-bases, JWT token present: true
2025-09-28 15:09:53 [http-nio-8080-exec-1] DEBUG c.e.r.s.JwtAuthenticationFilter - JWT token found: eyJhbGciOiJIUzI1NiJ9...
2025-09-28 15:09:53 [http-nio-8080-exec-1] DEBUG c.e.r.s.JwtAuthenticationFilter - JWT token is valid for user: hello
2025-09-28 15:09:53 [http-nio-8080-exec-1] DEBUG c.e.r.s.JwtAuthenticationFilter - User hello authenticated successfully
2025-09-28 15:09:53 [http-nio-8080-exec-1] DEBUG o.s.security.web.FilterChainProxy - Secured GET /api/knowledge-bases
2025-09-28 15:09:54 [http-nio-8080-exec-2] DEBUG o.s.security.web.FilterChainProxy - Securing GET /api/knowledge-bases
2025-09-28 15:09:54 [http-nio-8080-exec-2] DEBUG c.e.r.s.JwtAuthenticationFilter - Processing request: GET /api/knowledge-bases, JWT token present: true
2025-09-28 15:09:54 [http-nio-8080-exec-2] DEBUG c.e.r.s.JwtAuthenticationFilter - JWT token found: eyJhbGciOiJIUzI1NiJ9...
2025-09-28 15:09:54 [http-nio-8080-exec-2] DEBUG c.e.r.s.JwtAuthenticationFilter - JWT token is valid for user: hello
2025-09-28 15:09:54 [http-nio-8080-exec-2] DEBUG c.e.r.s.JwtAuthenticationFilter - User hello authenticated successfully
2025-09-28 15:09:54 [http-nio-8080-exec-2] DEBUG o.s.security.web.FilterChainProxy - Secured GET /api/knowledge-bases
2025-09-28 15:09:54 [http-nio-8080-exec-3] DEBUG o.s.security.web.FilterChainProxy - Securing GET /api/knowledge-bases
2025-09-28 15:09:54 [http-nio-8080-exec-3] DEBUG c.e.r.s.JwtAuthenticationFilter - Processing request: GET /api/knowledge-bases, JWT token present: true
2025-09-28 15:09:54 [http-nio-8080-exec-3] DEBUG c.e.r.s.JwtAuthenticationFilter - JWT token found: eyJhbGciOiJIUzI1NiJ9...
2025-09-28 15:09:54 [http-nio-8080-exec-3] DEBUG c.e.r.s.JwtAuthenticationFilter - JWT token is valid for user: hello
2025-09-28 15:09:54 [http-nio-8080-exec-3] DEBUG c.e.r.s.JwtAuthenticationFilter - User hello authenticated successfully
2025-09-28 15:09:54 [http-nio-8080-exec-3] DEBUG o.s.security.web.FilterChainProxy - Secured GET /api/knowledge-bases
2025-09-28 15:09:56 [http-nio-8080-exec-4] DEBUG o.s.security.web.FilterChainProxy - Securing GET /api/knowledge-bases
2025-09-28 15:09:56 [http-nio-8080-exec-4] DEBUG c.e.r.s.JwtAuthenticationFilter - Processing request: GET /api/knowledge-bases, JWT token present: true
2025-09-28 15:09:56 [http-nio-8080-exec-4] DEBUG c.e.r.s.JwtAuthenticationFilter - JWT token found: eyJhbGciOiJIUzI1NiJ9...
2025-09-28 15:09:56 [http-nio-8080-exec-4] DEBUG c.e.r.s.JwtAuthenticationFilter - JWT token is valid for user: hello
2025-09-28 15:09:56 [http-nio-8080-exec-4] DEBUG c.e.r.s.JwtAuthenticationFilter - User hello authenticated successfully
2025-09-28 15:09:56 [http-nio-8080-exec-4] DEBUG o.s.security.web.FilterChainProxy - Secured GET /api/knowledge-bases
2025-09-28 15:09:56 [http-nio-8080-exec-6] DEBUG o.s.security.web.FilterChainProxy - Securing GET /api/knowledge-bases
2025-09-28 15:09:56 [http-nio-8080-exec-6] DEBUG c.e.r.s.JwtAuthenticationFilter - Processing request: GET /api/knowledge-bases, JWT token present: true
2025-09-28 15:09:56 [http-nio-8080-exec-6] DEBUG c.e.r.s.JwtAuthenticationFilter - JWT token found: eyJhbGciOiJIUzI1NiJ9...
2025-09-28 15:09:56 [http-nio-8080-exec-6] DEBUG c.e.r.s.JwtAuthenticationFilter - JWT token is valid for user: hello
2025-09-28 15:09:56 [http-nio-8080-exec-6] DEBUG c.e.r.s.JwtAuthenticationFilter - User hello authenticated successfully
2025-09-28 15:09:56 [http-nio-8080-exec-6] DEBUG o.s.security.web.FilterChainProxy - Secured GET /api/knowledge-bases
2025-09-28 15:09:56 [http-nio-8080-exec-5] DEBUG o.s.security.web.FilterChainProxy - Securing GET /api/documents?knowledgeBaseId=6
2025-09-28 15:09:56 [http-nio-8080-exec-5] DEBUG c.e.r.s.JwtAuthenticationFilter - Processing request: GET /api/documents, JWT token present: true
2025-09-28 15:09:56 [http-nio-8080-exec-5] DEBUG c.e.r.s.JwtAuthenticationFilter - JWT token found: eyJhbGciOiJIUzI1NiJ9...
2025-09-28 15:09:56 [http-nio-8080-exec-5] DEBUG c.e.r.s.JwtAuthenticationFilter - JWT token is valid for user: hello
2025-09-28 15:09:56 [http-nio-8080-exec-5] DEBUG c.e.r.s.JwtAuthenticationFilter - User hello authenticated successfully
2025-09-28 15:09:56 [http-nio-8080-exec-5] DEBUG o.s.security.web.FilterChainProxy - Secured GET /api/documents?knowledgeBaseId=6
2025-09-28 15:09:59 [http-nio-8080-exec-8] DEBUG o.s.security.web.FilterChainProxy - Securing POST /api/documents/upload
2025-09-28 15:09:59 [http-nio-8080-exec-8] DEBUG c.e.r.s.JwtAuthenticationFilter - Processing request: POST /api/documents/upload, JWT token present: true
2025-09-28 15:09:59 [http-nio-8080-exec-8] DEBUG c.e.r.s.JwtAuthenticationFilter - JWT token found: eyJhbGciOiJIUzI1NiJ9...
2025-09-28 15:09:59 [http-nio-8080-exec-8] DEBUG c.e.r.s.JwtAuthenticationFilter - JWT token is valid for user: hello
2025-09-28 15:09:59 [http-nio-8080-exec-8] DEBUG c.e.r.s.JwtAuthenticationFilter - User hello authenticated successfully
2025-09-28 15:09:59 [http-nio-8080-exec-8] DEBUG o.s.security.web.FilterChainProxy - Secured POST /api/documents/upload
2025-09-28 15:11:08 [http-nio-8080-exec-1] DEBUG o.s.security.web.FilterChainProxy - Securing GET /api/auth/me
2025-09-28 15:11:08 [http-nio-8080-exec-1] DEBUG c.e.r.s.JwtAuthenticationFilter - Processing request: GET /api/auth/me, JWT token present: true
2025-09-28 15:11:08 [http-nio-8080-exec-1] DEBUG c.e.r.s.JwtAuthenticationFilter - JWT token found: eyJhbGciOiJIUzI1NiJ9...
2025-09-28 15:11:08 [http-nio-8080-exec-1] DEBUG c.e.r.s.JwtAuthenticationFilter - JWT token is valid for user: hello
2025-09-28 15:11:08 [http-nio-8080-exec-1] DEBUG c.e.r.s.JwtAuthenticationFilter - User hello authenticated successfully
2025-09-28 15:11:08 [http-nio-8080-exec-1] DEBUG o.s.security.web.FilterChainProxy - Secured GET /api/auth/me
2025-09-28 15:11:08 [http-nio-8080-exec-2] DEBUG o.s.security.web.FilterChainProxy - Securing GET /api/auth/me
2025-09-28 15:11:08 [http-nio-8080-exec-2] DEBUG c.e.r.s.JwtAuthenticationFilter - Processing request: GET /api/auth/me, JWT token present: true
2025-09-28 15:11:08 [http-nio-8080-exec-2] DEBUG c.e.r.s.JwtAuthenticationFilter - JWT token found: eyJhbGciOiJIUzI1NiJ9...
2025-09-28 15:11:08 [http-nio-8080-exec-2] DEBUG c.e.r.s.JwtAuthenticationFilter - JWT token is valid for user: hello
2025-09-28 15:11:08 [http-nio-8080-exec-2] DEBUG c.e.r.s.JwtAuthenticationFilter - User hello authenticated successfully
2025-09-28 15:11:08 [http-nio-8080-exec-2] DEBUG o.s.security.web.FilterChainProxy - Secured GET /api/auth/me
2025-09-28 15:11:08 [http-nio-8080-exec-3] DEBUG o.s.security.web.FilterChainProxy - Securing GET /api/knowledge-bases
2025-09-28 15:11:08 [http-nio-8080-exec-3] DEBUG c.e.r.s.JwtAuthenticationFilter - Processing request: GET /api/knowledge-bases, JWT token present: true
2025-09-28 15:11:08 [http-nio-8080-exec-3] DEBUG c.e.r.s.JwtAuthenticationFilter - JWT token found: eyJhbGciOiJIUzI1NiJ9...
2025-09-28 15:11:08 [http-nio-8080-exec-3] DEBUG c.e.r.s.JwtAuthenticationFilter - JWT token is valid for user: hello
2025-09-28 15:11:08 [http-nio-8080-exec-3] DEBUG c.e.r.s.JwtAuthenticationFilter - User hello authenticated successfully
2025-09-28 15:11:08 [http-nio-8080-exec-3] DEBUG o.s.security.web.FilterChainProxy - Secured GET /api/knowledge-bases
2025-09-28 15:11:08 [http-nio-8080-exec-4] DEBUG o.s.security.web.FilterChainProxy - Securing GET /api/knowledge-bases
2025-09-28 15:11:08 [http-nio-8080-exec-4] DEBUG c.e.r.s.JwtAuthenticationFilter - Processing request: GET /api/knowledge-bases, JWT token present: true
2025-09-28 15:11:08 [http-nio-8080-exec-4] DEBUG c.e.r.s.JwtAuthenticationFilter - JWT token found: eyJhbGciOiJIUzI1NiJ9...
2025-09-28 15:11:08 [http-nio-8080-exec-4] DEBUG c.e.r.s.JwtAuthenticationFilter - JWT token is valid for user: hello
2025-09-28 15:11:08 [http-nio-8080-exec-4] DEBUG c.e.r.s.JwtAuthenticationFilter - User hello authenticated successfully
2025-09-28 15:11:08 [http-nio-8080-exec-4] DEBUG o.s.security.web.FilterChainProxy - Secured GET /api/knowledge-bases
2025-09-28 15:11:08 [http-nio-8080-exec-6] DEBUG o.s.security.web.FilterChainProxy - Securing GET /api/documents?knowledgeBaseId=6
2025-09-28 15:11:08 [http-nio-8080-exec-6] DEBUG c.e.r.s.JwtAuthenticationFilter - Processing request: GET /api/documents, JWT token present: true
2025-09-28 15:11:08 [http-nio-8080-exec-6] DEBUG c.e.r.s.JwtAuthenticationFilter - JWT token found: eyJhbGciOiJIUzI1NiJ9...
2025-09-28 15:11:08 [http-nio-8080-exec-6] DEBUG c.e.r.s.JwtAuthenticationFilter - JWT token is valid for user: hello
2025-09-28 15:11:08 [http-nio-8080-exec-6] DEBUG c.e.r.s.JwtAuthenticationFilter - User hello authenticated successfully
2025-09-28 15:11:08 [http-nio-8080-exec-6] DEBUG o.s.security.web.FilterChainProxy - Secured GET /api/documents?knowledgeBaseId=6
2025-09-28 15:11:11 [http-nio-8080-exec-5] DEBUG o.s.security.web.FilterChainProxy - Securing GET /api/knowledge-bases
2025-09-28 15:11:11 [http-nio-8080-exec-5] DEBUG c.e.r.s.JwtAuthenticationFilter - Processing request: GET /api/knowledge-bases, JWT token present: true
2025-09-28 15:11:11 [http-nio-8080-exec-5] DEBUG c.e.r.s.JwtAuthenticationFilter - JWT token found: eyJhbGciOiJIUzI1NiJ9...
2025-09-28 15:11:11 [http-nio-8080-exec-5] DEBUG c.e.r.s.JwtAuthenticationFilter - JWT token is valid for user: hello
2025-09-28 15:11:11 [http-nio-8080-exec-5] DEBUG c.e.r.s.JwtAuthenticationFilter - User hello authenticated successfully
2025-09-28 15:11:11 [http-nio-8080-exec-5] DEBUG o.s.security.web.FilterChainProxy - Secured GET /api/knowledge-bases
2025-09-28 15:11:11 [http-nio-8080-exec-8] DEBUG o.s.security.web.FilterChainProxy - Securing GET /api/knowledge-bases
2025-09-28 15:11:11 [http-nio-8080-exec-8] DEBUG c.e.r.s.JwtAuthenticationFilter - Processing request: GET /api/knowledge-bases, JWT token present: true
2025-09-28 15:11:11 [http-nio-8080-exec-8] DEBUG c.e.r.s.JwtAuthenticationFilter - JWT token found: eyJhbGciOiJIUzI1NiJ9...
2025-09-28 15:11:11 [http-nio-8080-exec-8] DEBUG c.e.r.s.JwtAuthenticationFilter - JWT token is valid for user: hello
2025-09-28 15:11:11 [http-nio-8080-exec-8] DEBUG c.e.r.s.JwtAuthenticationFilter - User hello authenticated successfully
2025-09-28 15:11:11 [http-nio-8080-exec-8] DEBUG o.s.security.web.FilterChainProxy - Secured GET /api/knowledge-bases
2025-09-28 15:11:15 [http-nio-8080-exec-7] DEBUG o.s.security.web.FilterChainProxy - Securing GET /api/knowledge-bases
2025-09-28 15:11:15 [http-nio-8080-exec-7] DEBUG c.e.r.s.JwtAuthenticationFilter - Processing request: GET /api/knowledge-bases, JWT token present: true
2025-09-28 15:11:15 [http-nio-8080-exec-7] DEBUG c.e.r.s.JwtAuthenticationFilter - JWT token found: eyJhbGciOiJIUzI1NiJ9...
2025-09-28 15:11:15 [http-nio-8080-exec-7] DEBUG c.e.r.s.JwtAuthenticationFilter - JWT token is valid for user: hello
2025-09-28 15:11:15 [http-nio-8080-exec-7] DEBUG c.e.r.s.JwtAuthenticationFilter - User hello authenticated successfully
2025-09-28 15:11:15 [http-nio-8080-exec-7] DEBUG o.s.security.web.FilterChainProxy - Secured GET /api/knowledge-bases
2025-09-28 15:11:15 [http-nio-8080-exec-9] DEBUG o.s.security.web.FilterChainProxy - Securing GET /api/knowledge-bases
2025-09-28 15:11:15 [http-nio-8080-exec-9] DEBUG c.e.r.s.JwtAuthenticationFilter - Processing request: GET /api/knowledge-bases, JWT token present: true
2025-09-28 15:11:15 [http-nio-8080-exec-9] DEBUG c.e.r.s.JwtAuthenticationFilter - JWT token found: eyJhbGciOiJIUzI1NiJ9...
2025-09-28 15:11:15 [http-nio-8080-exec-9] DEBUG c.e.r.s.JwtAuthenticationFilter - JWT token is valid for user: hello
2025-09-28 15:11:15 [http-nio-8080-exec-9] DEBUG c.e.r.s.JwtAuthenticationFilter - User hello authenticated successfully
2025-09-28 15:11:15 [http-nio-8080-exec-9] DEBUG o.s.security.web.FilterChainProxy - Secured GET /api/knowledge-bases
2025-09-28 15:11:18 [http-nio-8080-exec-10] DEBUG o.s.security.web.FilterChainProxy - Securing GET /api/knowledge-bases
2025-09-28 15:11:18 [http-nio-8080-exec-10] DEBUG c.e.r.s.JwtAuthenticationFilter - Processing request: GET /api/knowledge-bases, JWT token present: true
2025-09-28 15:11:18 [http-nio-8080-exec-10] DEBUG c.e.r.s.JwtAuthenticationFilter - JWT token found: eyJhbGciOiJIUzI1NiJ9...
2025-09-28 15:11:18 [http-nio-8080-exec-10] DEBUG c.e.r.s.JwtAuthenticationFilter - JWT token is valid for user: hello
2025-09-28 15:11:18 [http-nio-8080-exec-10] DEBUG c.e.r.s.JwtAuthenticationFilter - User hello authenticated successfully
2025-09-28 15:11:18 [http-nio-8080-exec-10] DEBUG o.s.security.web.FilterChainProxy - Secured GET /api/knowledge-bases
2025-09-28 15:11:18 [http-nio-8080-exec-1] DEBUG o.s.security.web.FilterChainProxy - Securing GET /api/knowledge-bases
2025-09-28 15:11:18 [http-nio-8080-exec-1] DEBUG c.e.r.s.JwtAuthenticationFilter - Processing request: GET /api/knowledge-bases, JWT token present: true
2025-09-28 15:11:18 [http-nio-8080-exec-1] DEBUG c.e.r.s.JwtAuthenticationFilter - JWT token found: eyJhbGciOiJIUzI1NiJ9...
2025-09-28 15:11:18 [http-nio-8080-exec-1] DEBUG c.e.r.s.JwtAuthenticationFilter - JWT token is valid for user: hello
2025-09-28 15:11:18 [http-nio-8080-exec-1] DEBUG c.e.r.s.JwtAuthenticationFilter - User hello authenticated successfully
2025-09-28 15:11:18 [http-nio-8080-exec-1] DEBUG o.s.security.web.FilterChainProxy - Secured GET /api/knowledge-bases
2025-09-28 15:11:18 [http-nio-8080-exec-2] DEBUG o.s.security.web.FilterChainProxy - Securing GET /api/documents?knowledgeBaseId=6
2025-09-28 15:11:18 [http-nio-8080-exec-2] DEBUG c.e.r.s.JwtAuthenticationFilter - Processing request: GET /api/documents, JWT token present: true
2025-09-28 15:11:18 [http-nio-8080-exec-2] DEBUG c.e.r.s.JwtAuthenticationFilter - JWT token found: eyJhbGciOiJIUzI1NiJ9...
2025-09-28 15:11:18 [http-nio-8080-exec-2] DEBUG c.e.r.s.JwtAuthenticationFilter - JWT token is valid for user: hello
2025-09-28 15:11:18 [http-nio-8080-exec-2] DEBUG c.e.r.s.JwtAuthenticationFilter - User hello authenticated successfully
2025-09-28 15:11:18 [http-nio-8080-exec-2] DEBUG o.s.security.web.FilterChainProxy - Secured GET /api/documents?knowledgeBaseId=6
2025-09-28 15:11:49 [http-nio-8080-exec-3] DEBUG o.s.security.web.FilterChainProxy - Securing POST /api/auth/login
2025-09-28 15:11:49 [http-nio-8080-exec-3] DEBUG c.e.r.s.JwtAuthenticationFilter - Processing request: POST /api/auth/login, JWT token present: false
2025-09-28 15:11:49 [http-nio-8080-exec-3] DEBUG c.e.r.s.JwtAuthenticationFilter - No JWT token found in request headers
2025-09-28 15:11:49 [http-nio-8080-exec-3] DEBUG o.s.s.w.a.AnonymousAuthenticationFilter - Set SecurityContextHolder to anonymous SecurityContext
2025-09-28 15:11:49 [http-nio-8080-exec-3] DEBUG o.s.security.web.FilterChainProxy - Secured POST /api/auth/login
2025-09-28 15:11:49 [http-nio-8080-exec-3] DEBUG o.s.s.a.d.DaoAuthenticationProvider - Failed to authenticate since password does not match stored value
2025-09-28 15:11:49 [http-nio-8080-exec-3] DEBUG o.s.s.authentication.ProviderManager - Authentication failed with provider DaoAuthenticationProvider since 用户名或密码错误
2025-09-28 15:11:49 [http-nio-8080-exec-3] ERROR c.e.r.s.JwtAuthenticationEntryPoint - Unauthorized error: 用户名或密码错误 for path: /api/auth/login
2025-09-28 15:12:07 [http-nio-8080-exec-4] DEBUG o.s.security.web.FilterChainProxy - Securing POST /api/auth/login
2025-09-28 15:12:07 [http-nio-8080-exec-4] DEBUG c.e.r.s.JwtAuthenticationFilter - Processing request: POST /api/auth/login, JWT token present: false
2025-09-28 15:12:07 [http-nio-8080-exec-4] DEBUG c.e.r.s.JwtAuthenticationFilter - No JWT token found in request headers
2025-09-28 15:12:07 [http-nio-8080-exec-4] DEBUG o.s.s.w.a.AnonymousAuthenticationFilter - Set SecurityContextHolder to anonymous SecurityContext
2025-09-28 15:12:07 [http-nio-8080-exec-4] DEBUG o.s.security.web.FilterChainProxy - Secured POST /api/auth/login
2025-09-28 15:12:07 [http-nio-8080-exec-4] DEBUG o.s.s.a.d.DaoAuthenticationProvider - Failed to authenticate since password does not match stored value
2025-09-28 15:12:07 [http-nio-8080-exec-4] DEBUG o.s.s.authentication.ProviderManager - Authentication failed with provider DaoAuthenticationProvider since 用户名或密码错误
2025-09-28 15:12:07 [http-nio-8080-exec-4] ERROR c.e.r.s.JwtAuthenticationEntryPoint - Unauthorized error: 用户名或密码错误 for path: /api/auth/login
2025-09-28 15:12:14 [http-nio-8080-exec-6] DEBUG o.s.security.web.FilterChainProxy - Securing POST /api/auth/login
2025-09-28 15:12:14 [http-nio-8080-exec-6] DEBUG c.e.r.s.JwtAuthenticationFilter - Processing request: POST /api/auth/login, JWT token present: false
2025-09-28 15:12:14 [http-nio-8080-exec-6] DEBUG c.e.r.s.JwtAuthenticationFilter - No JWT token found in request headers
2025-09-28 15:12:14 [http-nio-8080-exec-6] DEBUG o.s.s.w.a.AnonymousAuthenticationFilter - Set SecurityContextHolder to anonymous SecurityContext
2025-09-28 15:12:14 [http-nio-8080-exec-6] DEBUG o.s.security.web.FilterChainProxy - Secured POST /api/auth/login
2025-09-28 15:12:14 [http-nio-8080-exec-6] DEBUG o.s.s.a.d.DaoAuthenticationProvider - Failed to authenticate since password does not match stored value
2025-09-28 15:12:14 [http-nio-8080-exec-6] DEBUG o.s.s.authentication.ProviderManager - Authentication failed with provider DaoAuthenticationProvider since 用户名或密码错误
2025-09-28 15:12:14 [http-nio-8080-exec-6] ERROR c.e.r.s.JwtAuthenticationEntryPoint - Unauthorized error: 用户名或密码错误 for path: /api/auth/login
2025-09-28 15:12:40 [SpringApplicationShutdownHook] INFO  o.s.b.w.e.tomcat.GracefulShutdown - Commencing graceful shutdown. Waiting for active requests to complete
2025-09-28 15:12:40 [tomcat-shutdown] INFO  o.s.b.w.e.tomcat.GracefulShutdown - Graceful shutdown complete
2025-09-28 15:12:40 [SpringApplicationShutdownHook] INFO  o.s.o.j.LocalContainerEntityManagerFactoryBean - Closing JPA EntityManagerFactory for persistence unit 'default'
2025-09-28 15:12:40 [SpringApplicationShutdownHook] INFO  com.zaxxer.hikari.HikariDataSource - HikariPool-1 - Shutdown initiated...
2025-09-28 15:12:40 [SpringApplicationShutdownHook] INFO  com.zaxxer.hikari.HikariDataSource - HikariPool-1 - Shutdown completed.
2025-09-28 15:12:41 [main] INFO  c.example.ragone.RagOneApplication - Starting RagOneApplication using Java 24.0.2 with PID 15742 (/home/a/IdeaProjects/RAG-one/target/classes started by a in /home/a/IdeaProjects/RAG-one)
2025-09-28 15:12:41 [main] DEBUG c.example.ragone.RagOneApplication - Running with Spring Boot v3.5.6, Spring v6.2.11
2025-09-28 15:12:41 [main] INFO  c.example.ragone.RagOneApplication - No active profile set, falling back to 1 default profile: "default"
2025-09-28 15:12:42 [main] INFO  o.s.d.r.c.RepositoryConfigurationDelegate - Multiple Spring Data modules found, entering strict repository configuration mode
2025-09-28 15:12:42 [main] INFO  o.s.d.r.c.RepositoryConfigurationDelegate - Bootstrapping Spring Data JPA repositories in DEFAULT mode.
2025-09-28 15:12:42 [main] INFO  o.s.d.r.c.RepositoryConfigurationDelegate - Finished Spring Data repository scanning in 65 ms. Found 9 JPA repository interfaces.
2025-09-28 15:12:42 [main] INFO  o.s.d.r.c.RepositoryConfigurationDelegate - Multiple Spring Data modules found, entering strict repository configuration mode
2025-09-28 15:12:42 [main] INFO  o.s.d.r.c.RepositoryConfigurationDelegate - Bootstrapping Spring Data Redis repositories in DEFAULT mode.
2025-09-28 15:12:42 [main] INFO  o.s.d.r.c.RepositoryConfigurationExtensionSupport - Spring Data Redis - Could not safely identify store assignment for repository candidate interface com.example.ragone.repository.CharacterProfileRepository; If you want this repository to be a Redis repository, consider annotating your entities with one of these annotations: org.springframework.data.redis.core.RedisHash (preferred), or consider extending one of the following types with your repository: org.springframework.data.keyvalue.repository.KeyValueRepository
2025-09-28 15:12:42 [main] INFO  o.s.d.r.c.RepositoryConfigurationExtensionSupport - Spring Data Redis - Could not safely identify store assignment for repository candidate interface com.example.ragone.repository.CharacterRepository; If you want this repository to be a Redis repository, consider annotating your entities with one of these annotations: org.springframework.data.redis.core.RedisHash (preferred), or consider extending one of the following types with your repository: org.springframework.data.keyvalue.repository.KeyValueRepository
2025-09-28 15:12:42 [main] INFO  o.s.d.r.c.RepositoryConfigurationExtensionSupport - Spring Data Redis - Could not safely identify store assignment for repository candidate interface com.example.ragone.repository.ChatHistoryRepository; If you want this repository to be a Redis repository, consider annotating your entities with one of these annotations: org.springframework.data.redis.core.RedisHash (preferred), or consider extending one of the following types with your repository: org.springframework.data.keyvalue.repository.KeyValueRepository
2025-09-28 15:12:42 [main] INFO  o.s.d.r.c.RepositoryConfigurationExtensionSupport - Spring Data Redis - Could not safely identify store assignment for repository candidate interface com.example.ragone.repository.DocumentChunkRepository; If you want this repository to be a Redis repository, consider annotating your entities with one of these annotations: org.springframework.data.redis.core.RedisHash (preferred), or consider extending one of the following types with your repository: org.springframework.data.keyvalue.repository.KeyValueRepository
2025-09-28 15:12:42 [main] INFO  o.s.d.r.c.RepositoryConfigurationExtensionSupport - Spring Data Redis - Could not safely identify store assignment for repository candidate interface com.example.ragone.repository.DocumentRepository; If you want this repository to be a Redis repository, consider annotating your entities with one of these annotations: org.springframework.data.redis.core.RedisHash (preferred), or consider extending one of the following types with your repository: org.springframework.data.keyvalue.repository.KeyValueRepository
2025-09-28 15:12:42 [main] INFO  o.s.d.r.c.RepositoryConfigurationExtensionSupport - Spring Data Redis - Could not safely identify store assignment for repository candidate interface com.example.ragone.repository.KnowledgeBaseRepository; If you want this repository to be a Redis repository, consider annotating your entities with one of these annotations: org.springframework.data.redis.core.RedisHash (preferred), or consider extending one of the following types with your repository: org.springframework.data.keyvalue.repository.KeyValueRepository
2025-09-28 15:12:42 [main] INFO  o.s.d.r.c.RepositoryConfigurationExtensionSupport - Spring Data Redis - Could not safely identify store assignment for repository candidate interface com.example.ragone.repository.RolePlayHistoryRepository; If you want this repository to be a Redis repository, consider annotating your entities with one of these annotations: org.springframework.data.redis.core.RedisHash (preferred), or consider extending one of the following types with your repository: org.springframework.data.keyvalue.repository.KeyValueRepository
2025-09-28 15:12:42 [main] INFO  o.s.d.r.c.RepositoryConfigurationExtensionSupport - Spring Data Redis - Could not safely identify store assignment for repository candidate interface com.example.ragone.repository.RolePlaySessionRepository; If you want this repository to be a Redis repository, consider annotating your entities with one of these annotations: org.springframework.data.redis.core.RedisHash (preferred), or consider extending one of the following types with your repository: org.springframework.data.keyvalue.repository.KeyValueRepository
2025-09-28 15:12:42 [main] INFO  o.s.d.r.c.RepositoryConfigurationExtensionSupport - Spring Data Redis - Could not safely identify store assignment for repository candidate interface com.example.ragone.repository.UserRepository; If you want this repository to be a Redis repository, consider annotating your entities with one of these annotations: org.springframework.data.redis.core.RedisHash (preferred), or consider extending one of the following types with your repository: org.springframework.data.keyvalue.repository.KeyValueRepository
2025-09-28 15:12:42 [main] INFO  o.s.d.r.c.RepositoryConfigurationDelegate - Finished Spring Data repository scanning in 4 ms. Found 0 Redis repository interfaces.
2025-09-28 15:12:42 [main] INFO  o.s.b.w.e.tomcat.TomcatWebServer - Tomcat initialized with port 8080 (http)
2025-09-28 15:12:42 [main] INFO  o.a.catalina.core.StandardService - Starting service [Tomcat]
2025-09-28 15:12:42 [main] INFO  o.a.catalina.core.StandardEngine - Starting Servlet engine: [Apache Tomcat/10.1.46]
2025-09-28 15:12:42 [main] INFO  o.a.c.c.C.[Tomcat].[localhost].[/] - Initializing Spring embedded WebApplicationContext
2025-09-28 15:12:42 [main] INFO  o.s.b.w.s.c.ServletWebServerApplicationContext - Root WebApplicationContext: initialization completed in 948 ms
2025-09-28 15:12:42 [main] INFO  o.h.jpa.internal.util.LogHelper - HHH000204: Processing PersistenceUnitInfo [name: default]
2025-09-28 15:12:42 [main] INFO  org.hibernate.Version - HHH000412: Hibernate ORM core version 6.6.29.Final
2025-09-28 15:12:43 [main] INFO  o.h.c.i.RegionFactoryInitiator - HHH000026: Second-level cache disabled
2025-09-28 15:12:43 [main] INFO  o.s.o.j.p.SpringPersistenceUnitInfo - No LoadTimeWeaver setup: ignoring JPA class transformer
2025-09-28 15:12:43 [main] INFO  com.zaxxer.hikari.HikariDataSource - HikariPool-1 - Starting...
2025-09-28 15:12:43 [main] INFO  com.zaxxer.hikari.pool.HikariPool - HikariPool-1 - Added connection org.postgresql.jdbc.PgConnection@52fec840
2025-09-28 15:12:43 [main] INFO  com.zaxxer.hikari.HikariDataSource - HikariPool-1 - Start completed.
2025-09-28 15:12:43 [main] WARN  org.hibernate.orm.deprecation - HHH90000025: PostgreSQLDialect does not need to be specified explicitly using 'hibernate.dialect' (remove the property setting and it will be selected by default)
2025-09-28 15:12:43 [main] INFO  o.hibernate.orm.connections.pooling - HHH10001005: Database info:
	Database JDBC URL [Connecting through datasource 'HikariDataSource (HikariPool-1)']
	Database driver: undefined/unknown
	Database version: 16.10
	Autocommit mode: undefined/unknown
	Isolation level: undefined/unknown
	Minimum pool size: undefined/unknown
	Maximum pool size: undefined/unknown
2025-09-28 15:12:43 [main] INFO  o.h.e.t.j.p.i.JtaPlatformInitiator - HHH000489: No JTA platform available (set 'hibernate.transaction.jta.platform' to enable JTA platform integration)
2025-09-28 15:12:44 [main] INFO  o.s.o.j.LocalContainerEntityManagerFactoryBean - Initialized JPA EntityManagerFactory for persistence unit 'default'
2025-09-28 15:12:44 [main] DEBUG c.e.r.s.JwtAuthenticationFilter - Filter 'jwtAuthenticationFilter' configured for use
2025-09-28 15:12:44 [main] INFO  o.s.s.c.a.a.c.InitializeUserDetailsBeanManagerConfigurer$InitializeUserDetailsManagerConfigurer - Global AuthenticationManager configured with UserDetailsService bean with name userDetailsServiceImpl
2025-09-28 15:12:44 [main] INFO  o.s.d.j.r.query.QueryEnhancerFactory - Hibernate is in classpath; If applicable, HQL parser will be used.
2025-09-28 15:12:45 [main] WARN  o.s.b.a.o.j.JpaBaseConfiguration$JpaWebConfiguration - spring.jpa.open-in-view is enabled by default. Therefore, database queries may be performed during view rendering. Explicitly configure spring.jpa.open-in-view to disable this warning
2025-09-28 15:12:45 [main] INFO  o.s.b.a.e.web.EndpointLinksResolver - Exposing 2 endpoints beneath base path '/actuator'
2025-09-28 15:12:45 [main] DEBUG o.s.s.web.DefaultSecurityFilterChain - Will secure any request with filters: DisableEncodeUrlFilter, WebAsyncManagerIntegrationFilter, SecurityContextHolderFilter, HeaderWriterFilter, CorsFilter, LogoutFilter, JwtAuthenticationFilter, RequestCacheAwareFilter, SecurityContextHolderAwareRequestFilter, AnonymousAuthenticationFilter, SessionManagementFilter, ExceptionTranslationFilter, AuthorizationFilter
2025-09-28 15:12:46 [main] INFO  o.s.b.w.e.tomcat.TomcatWebServer - Tomcat started on port 8080 (http) with context path '/'
2025-09-28 15:12:46 [main] INFO  c.example.ragone.RagOneApplication - Started RagOneApplication in 4.504 seconds (process running for 4.913)
2025-09-28 15:12:46 [RMI TCP Connection(2)-127.0.0.1] INFO  o.a.c.c.C.[Tomcat].[localhost].[/] - Initializing Spring DispatcherServlet 'dispatcherServlet'
2025-09-28 15:12:46 [RMI TCP Connection(2)-127.0.0.1] INFO  o.s.web.servlet.DispatcherServlet - Initializing Servlet 'dispatcherServlet'
2025-09-28 15:12:46 [RMI TCP Connection(2)-127.0.0.1] INFO  o.s.web.servlet.DispatcherServlet - Completed initialization in 1 ms
2025-09-28 15:12:53 [http-nio-8080-exec-1] DEBUG o.s.security.web.FilterChainProxy - Securing POST /api/auth/login
2025-09-28 15:12:53 [http-nio-8080-exec-1] DEBUG c.e.r.s.JwtAuthenticationFilter - Processing request: POST /api/auth/login, JWT token present: false
2025-09-28 15:12:53 [http-nio-8080-exec-1] DEBUG c.e.r.s.JwtAuthenticationFilter - No JWT token found in request headers
2025-09-28 15:12:53 [http-nio-8080-exec-1] DEBUG o.s.s.w.a.AnonymousAuthenticationFilter - Set SecurityContextHolder to anonymous SecurityContext
2025-09-28 15:12:53 [http-nio-8080-exec-1] DEBUG o.s.security.web.FilterChainProxy - Secured POST /api/auth/login
2025-09-28 15:12:54 [http-nio-8080-exec-1] DEBUG o.s.s.a.d.DaoAuthenticationProvider - Authenticated user
2025-09-28 15:12:54 [http-nio-8080-exec-2] DEBUG o.s.security.web.FilterChainProxy - Securing GET /api/auth/me
2025-09-28 15:12:54 [http-nio-8080-exec-2] DEBUG c.e.r.s.JwtAuthenticationFilter - Processing request: GET /api/auth/me, JWT token present: true
2025-09-28 15:12:54 [http-nio-8080-exec-2] DEBUG c.e.r.s.JwtAuthenticationFilter - JWT token found: eyJhbGciOiJIUzI1NiJ9...
2025-09-28 15:12:54 [http-nio-8080-exec-2] DEBUG c.e.r.s.JwtAuthenticationFilter - JWT token is valid for user: hello
2025-09-28 15:12:54 [http-nio-8080-exec-2] DEBUG c.e.r.s.JwtAuthenticationFilter - User hello authenticated successfully
2025-09-28 15:12:54 [http-nio-8080-exec-2] DEBUG o.s.security.web.FilterChainProxy - Secured GET /api/auth/me
2025-09-28 15:12:54 [http-nio-8080-exec-3] DEBUG o.s.security.web.FilterChainProxy - Securing GET /api/knowledge-bases
2025-09-28 15:12:54 [http-nio-8080-exec-3] DEBUG c.e.r.s.JwtAuthenticationFilter - Processing request: GET /api/knowledge-bases, JWT token present: true
2025-09-28 15:12:54 [http-nio-8080-exec-3] DEBUG c.e.r.s.JwtAuthenticationFilter - JWT token found: eyJhbGciOiJIUzI1NiJ9...
2025-09-28 15:12:54 [http-nio-8080-exec-3] DEBUG c.e.r.s.JwtAuthenticationFilter - JWT token is valid for user: hello
2025-09-28 15:12:54 [http-nio-8080-exec-3] DEBUG c.e.r.s.JwtAuthenticationFilter - User hello authenticated successfully
2025-09-28 15:12:54 [http-nio-8080-exec-3] DEBUG o.s.security.web.FilterChainProxy - Secured GET /api/knowledge-bases
2025-09-28 15:12:54 [http-nio-8080-exec-4] DEBUG o.s.security.web.FilterChainProxy - Securing GET /api/knowledge-bases
2025-09-28 15:12:54 [http-nio-8080-exec-4] DEBUG c.e.r.s.JwtAuthenticationFilter - Processing request: GET /api/knowledge-bases, JWT token present: true
2025-09-28 15:12:54 [http-nio-8080-exec-4] DEBUG c.e.r.s.JwtAuthenticationFilter - JWT token found: eyJhbGciOiJIUzI1NiJ9...
2025-09-28 15:12:54 [http-nio-8080-exec-4] DEBUG c.e.r.s.JwtAuthenticationFilter - JWT token is valid for user: hello
2025-09-28 15:12:54 [http-nio-8080-exec-4] DEBUG c.e.r.s.JwtAuthenticationFilter - User hello authenticated successfully
2025-09-28 15:12:54 [http-nio-8080-exec-4] DEBUG o.s.security.web.FilterChainProxy - Secured GET /api/knowledge-bases
2025-09-28 15:12:54 [http-nio-8080-exec-5] DEBUG o.s.security.web.FilterChainProxy - Securing GET /api/documents?knowledgeBaseId=6
2025-09-28 15:12:54 [http-nio-8080-exec-5] DEBUG c.e.r.s.JwtAuthenticationFilter - Processing request: GET /api/documents, JWT token present: true
2025-09-28 15:12:54 [http-nio-8080-exec-5] DEBUG c.e.r.s.JwtAuthenticationFilter - JWT token found: eyJhbGciOiJIUzI1NiJ9...
2025-09-28 15:12:54 [http-nio-8080-exec-5] DEBUG c.e.r.s.JwtAuthenticationFilter - JWT token is valid for user: hello
2025-09-28 15:12:54 [http-nio-8080-exec-5] DEBUG c.e.r.s.JwtAuthenticationFilter - User hello authenticated successfully
2025-09-28 15:12:54 [http-nio-8080-exec-5] DEBUG o.s.security.web.FilterChainProxy - Secured GET /api/documents?knowledgeBaseId=6
2025-09-28 15:12:55 [http-nio-8080-exec-6] DEBUG o.s.security.web.FilterChainProxy - Securing GET /api/knowledge-bases
2025-09-28 15:12:55 [http-nio-8080-exec-6] DEBUG c.e.r.s.JwtAuthenticationFilter - Processing request: GET /api/knowledge-bases, JWT token present: true
2025-09-28 15:12:55 [http-nio-8080-exec-6] DEBUG c.e.r.s.JwtAuthenticationFilter - JWT token found: eyJhbGciOiJIUzI1NiJ9...
2025-09-28 15:12:55 [http-nio-8080-exec-6] DEBUG c.e.r.s.JwtAuthenticationFilter - JWT token is valid for user: hello
2025-09-28 15:12:55 [http-nio-8080-exec-6] DEBUG c.e.r.s.JwtAuthenticationFilter - User hello authenticated successfully
2025-09-28 15:12:55 [http-nio-8080-exec-6] DEBUG o.s.security.web.FilterChainProxy - Secured GET /api/knowledge-bases
2025-09-28 15:12:55 [http-nio-8080-exec-7] DEBUG o.s.security.web.FilterChainProxy - Securing GET /api/knowledge-bases
2025-09-28 15:12:55 [http-nio-8080-exec-7] DEBUG c.e.r.s.JwtAuthenticationFilter - Processing request: GET /api/knowledge-bases, JWT token present: true
2025-09-28 15:12:55 [http-nio-8080-exec-7] DEBUG c.e.r.s.JwtAuthenticationFilter - JWT token found: eyJhbGciOiJIUzI1NiJ9...
2025-09-28 15:12:55 [http-nio-8080-exec-7] DEBUG c.e.r.s.JwtAuthenticationFilter - JWT token is valid for user: hello
2025-09-28 15:12:55 [http-nio-8080-exec-7] DEBUG c.e.r.s.JwtAuthenticationFilter - User hello authenticated successfully
2025-09-28 15:12:55 [http-nio-8080-exec-7] DEBUG o.s.security.web.FilterChainProxy - Secured GET /api/knowledge-bases
2025-09-28 15:12:58 [http-nio-8080-exec-8] DEBUG o.s.security.web.FilterChainProxy - Securing GET /api/knowledge-bases
2025-09-28 15:12:58 [http-nio-8080-exec-8] DEBUG c.e.r.s.JwtAuthenticationFilter - Processing request: GET /api/knowledge-bases, JWT token present: true
2025-09-28 15:12:58 [http-nio-8080-exec-8] DEBUG c.e.r.s.JwtAuthenticationFilter - JWT token found: eyJhbGciOiJIUzI1NiJ9...
2025-09-28 15:12:58 [http-nio-8080-exec-8] DEBUG c.e.r.s.JwtAuthenticationFilter - JWT token is valid for user: hello
2025-09-28 15:12:58 [http-nio-8080-exec-8] DEBUG c.e.r.s.JwtAuthenticationFilter - User hello authenticated successfully
2025-09-28 15:12:58 [http-nio-8080-exec-8] DEBUG o.s.security.web.FilterChainProxy - Secured GET /api/knowledge-bases
2025-09-28 15:12:58 [http-nio-8080-exec-9] DEBUG o.s.security.web.FilterChainProxy - Securing GET /api/knowledge-bases
2025-09-28 15:12:58 [http-nio-8080-exec-9] DEBUG c.e.r.s.JwtAuthenticationFilter - Processing request: GET /api/knowledge-bases, JWT token present: true
2025-09-28 15:12:58 [http-nio-8080-exec-9] DEBUG c.e.r.s.JwtAuthenticationFilter - JWT token found: eyJhbGciOiJIUzI1NiJ9...
2025-09-28 15:12:58 [http-nio-8080-exec-9] DEBUG c.e.r.s.JwtAuthenticationFilter - JWT token is valid for user: hello
2025-09-28 15:12:58 [http-nio-8080-exec-9] DEBUG c.e.r.s.JwtAuthenticationFilter - User hello authenticated successfully
2025-09-28 15:12:58 [http-nio-8080-exec-9] DEBUG o.s.security.web.FilterChainProxy - Secured GET /api/knowledge-bases
2025-09-28 15:12:58 [http-nio-8080-exec-10] DEBUG o.s.security.web.FilterChainProxy - Securing GET /api/documents?knowledgeBaseId=6
2025-09-28 15:12:58 [http-nio-8080-exec-10] DEBUG c.e.r.s.JwtAuthenticationFilter - Processing request: GET /api/documents, JWT token present: true
2025-09-28 15:12:58 [http-nio-8080-exec-10] DEBUG c.e.r.s.JwtAuthenticationFilter - JWT token found: eyJhbGciOiJIUzI1NiJ9...
2025-09-28 15:12:58 [http-nio-8080-exec-10] DEBUG c.e.r.s.JwtAuthenticationFilter - JWT token is valid for user: hello
2025-09-28 15:12:58 [http-nio-8080-exec-10] DEBUG c.e.r.s.JwtAuthenticationFilter - User hello authenticated successfully
2025-09-28 15:12:58 [http-nio-8080-exec-10] DEBUG o.s.security.web.FilterChainProxy - Secured GET /api/documents?knowledgeBaseId=6
2025-09-28 15:13:00 [http-nio-8080-exec-1] DEBUG o.s.security.web.FilterChainProxy - Securing POST /api/documents/upload
2025-09-28 15:13:00 [http-nio-8080-exec-1] DEBUG c.e.r.s.JwtAuthenticationFilter - Processing request: POST /api/documents/upload, JWT token present: true
2025-09-28 15:13:00 [http-nio-8080-exec-1] DEBUG c.e.r.s.JwtAuthenticationFilter - JWT token found: eyJhbGciOiJIUzI1NiJ9...
2025-09-28 15:13:00 [http-nio-8080-exec-1] DEBUG c.e.r.s.JwtAuthenticationFilter - JWT token is valid for user: hello
2025-09-28 15:13:00 [http-nio-8080-exec-1] DEBUG c.e.r.s.JwtAuthenticationFilter - User hello authenticated successfully
2025-09-28 15:13:00 [http-nio-8080-exec-1] DEBUG o.s.security.web.FilterChainProxy - Secured POST /api/documents/upload
2025-09-28 15:13:36 [http-nio-8080-exec-2] DEBUG o.s.security.web.FilterChainProxy - Securing GET /api/auth/me
2025-09-28 15:13:36 [http-nio-8080-exec-2] DEBUG c.e.r.s.JwtAuthenticationFilter - Processing request: GET /api/auth/me, JWT token present: true
2025-09-28 15:13:36 [http-nio-8080-exec-2] DEBUG c.e.r.s.JwtAuthenticationFilter - JWT token found: eyJhbGciOiJIUzI1NiJ9...
2025-09-28 15:13:36 [http-nio-8080-exec-2] DEBUG c.e.r.s.JwtAuthenticationFilter - JWT token is valid for user: hello
2025-09-28 15:13:36 [http-nio-8080-exec-2] DEBUG c.e.r.s.JwtAuthenticationFilter - User hello authenticated successfully
2025-09-28 15:13:36 [http-nio-8080-exec-2] DEBUG o.s.security.web.FilterChainProxy - Secured GET /api/auth/me
2025-09-28 15:13:36 [http-nio-8080-exec-3] DEBUG o.s.security.web.FilterChainProxy - Securing GET /api/auth/me
2025-09-28 15:13:36 [http-nio-8080-exec-3] DEBUG c.e.r.s.JwtAuthenticationFilter - Processing request: GET /api/auth/me, JWT token present: true
2025-09-28 15:13:36 [http-nio-8080-exec-3] DEBUG c.e.r.s.JwtAuthenticationFilter - JWT token found: eyJhbGciOiJIUzI1NiJ9...
2025-09-28 15:13:36 [http-nio-8080-exec-3] DEBUG c.e.r.s.JwtAuthenticationFilter - JWT token is valid for user: hello
2025-09-28 15:13:36 [http-nio-8080-exec-3] DEBUG c.e.r.s.JwtAuthenticationFilter - User hello authenticated successfully
2025-09-28 15:13:36 [http-nio-8080-exec-3] DEBUG o.s.security.web.FilterChainProxy - Secured GET /api/auth/me
2025-09-28 15:13:36 [http-nio-8080-exec-4] DEBUG o.s.security.web.FilterChainProxy - Securing GET /api/knowledge-bases
2025-09-28 15:13:36 [http-nio-8080-exec-4] DEBUG c.e.r.s.JwtAuthenticationFilter - Processing request: GET /api/knowledge-bases, JWT token present: true
2025-09-28 15:13:36 [http-nio-8080-exec-4] DEBUG c.e.r.s.JwtAuthenticationFilter - JWT token found: eyJhbGciOiJIUzI1NiJ9...
2025-09-28 15:13:36 [http-nio-8080-exec-4] DEBUG c.e.r.s.JwtAuthenticationFilter - JWT token is valid for user: hello
2025-09-28 15:13:36 [http-nio-8080-exec-4] DEBUG c.e.r.s.JwtAuthenticationFilter - User hello authenticated successfully
2025-09-28 15:13:36 [http-nio-8080-exec-4] DEBUG o.s.security.web.FilterChainProxy - Secured GET /api/knowledge-bases
2025-09-28 15:13:36 [http-nio-8080-exec-5] DEBUG o.s.security.web.FilterChainProxy - Securing GET /api/knowledge-bases
2025-09-28 15:13:36 [http-nio-8080-exec-5] DEBUG c.e.r.s.JwtAuthenticationFilter - Processing request: GET /api/knowledge-bases, JWT token present: true
2025-09-28 15:13:36 [http-nio-8080-exec-5] DEBUG c.e.r.s.JwtAuthenticationFilter - JWT token found: eyJhbGciOiJIUzI1NiJ9...
2025-09-28 15:13:36 [http-nio-8080-exec-5] DEBUG c.e.r.s.JwtAuthenticationFilter - JWT token is valid for user: hello
2025-09-28 15:13:36 [http-nio-8080-exec-5] DEBUG c.e.r.s.JwtAuthenticationFilter - User hello authenticated successfully
2025-09-28 15:13:36 [http-nio-8080-exec-5] DEBUG o.s.security.web.FilterChainProxy - Secured GET /api/knowledge-bases
2025-09-28 15:13:36 [http-nio-8080-exec-6] DEBUG o.s.security.web.FilterChainProxy - Securing GET /api/documents?knowledgeBaseId=6
2025-09-28 15:13:36 [http-nio-8080-exec-6] DEBUG c.e.r.s.JwtAuthenticationFilter - Processing request: GET /api/documents, JWT token present: true
2025-09-28 15:13:36 [http-nio-8080-exec-6] DEBUG c.e.r.s.JwtAuthenticationFilter - JWT token found: eyJhbGciOiJIUzI1NiJ9...
2025-09-28 15:13:36 [http-nio-8080-exec-6] DEBUG c.e.r.s.JwtAuthenticationFilter - JWT token is valid for user: hello
2025-09-28 15:13:36 [http-nio-8080-exec-6] DEBUG c.e.r.s.JwtAuthenticationFilter - User hello authenticated successfully
2025-09-28 15:13:36 [http-nio-8080-exec-6] DEBUG o.s.security.web.FilterChainProxy - Secured GET /api/documents?knowledgeBaseId=6
2025-09-28 15:15:07 [http-nio-8080-exec-9] DEBUG o.s.security.web.FilterChainProxy - Securing GET /api/auth/me
2025-09-28 15:15:07 [http-nio-8080-exec-9] DEBUG c.e.r.s.JwtAuthenticationFilter - Processing request: GET /api/auth/me, JWT token present: true
2025-09-28 15:15:07 [http-nio-8080-exec-9] DEBUG c.e.r.s.JwtAuthenticationFilter - JWT token found: eyJhbGciOiJIUzI1NiJ9...
2025-09-28 15:15:07 [http-nio-8080-exec-9] DEBUG c.e.r.s.JwtAuthenticationFilter - JWT token is valid for user: hello
2025-09-28 15:15:07 [http-nio-8080-exec-9] DEBUG c.e.r.s.JwtAuthenticationFilter - User hello authenticated successfully
2025-09-28 15:15:07 [http-nio-8080-exec-9] DEBUG o.s.security.web.FilterChainProxy - Secured GET /api/auth/me
2025-09-28 15:15:07 [http-nio-8080-exec-10] DEBUG o.s.security.web.FilterChainProxy - Securing GET /api/auth/me
2025-09-28 15:15:07 [http-nio-8080-exec-10] DEBUG c.e.r.s.JwtAuthenticationFilter - Processing request: GET /api/auth/me, JWT token present: true
2025-09-28 15:15:07 [http-nio-8080-exec-10] DEBUG c.e.r.s.JwtAuthenticationFilter - JWT token found: eyJhbGciOiJIUzI1NiJ9...
2025-09-28 15:15:07 [http-nio-8080-exec-10] DEBUG c.e.r.s.JwtAuthenticationFilter - JWT token is valid for user: hello
2025-09-28 15:15:07 [http-nio-8080-exec-10] DEBUG c.e.r.s.JwtAuthenticationFilter - User hello authenticated successfully
2025-09-28 15:15:07 [http-nio-8080-exec-10] DEBUG o.s.security.web.FilterChainProxy - Secured GET /api/auth/me
2025-09-28 15:15:07 [http-nio-8080-exec-1] DEBUG o.s.security.web.FilterChainProxy - Securing GET /api/knowledge-bases
2025-09-28 15:15:07 [http-nio-8080-exec-1] DEBUG c.e.r.s.JwtAuthenticationFilter - Processing request: GET /api/knowledge-bases, JWT token present: true
2025-09-28 15:15:07 [http-nio-8080-exec-1] DEBUG c.e.r.s.JwtAuthenticationFilter - JWT token found: eyJhbGciOiJIUzI1NiJ9...
2025-09-28 15:15:07 [http-nio-8080-exec-1] DEBUG c.e.r.s.JwtAuthenticationFilter - JWT token is valid for user: hello
2025-09-28 15:15:07 [http-nio-8080-exec-1] DEBUG c.e.r.s.JwtAuthenticationFilter - User hello authenticated successfully
2025-09-28 15:15:07 [http-nio-8080-exec-1] DEBUG o.s.security.web.FilterChainProxy - Secured GET /api/knowledge-bases
2025-09-28 15:15:07 [http-nio-8080-exec-2] DEBUG o.s.security.web.FilterChainProxy - Securing GET /api/knowledge-bases
2025-09-28 15:15:07 [http-nio-8080-exec-2] DEBUG c.e.r.s.JwtAuthenticationFilter - Processing request: GET /api/knowledge-bases, JWT token present: true
2025-09-28 15:15:07 [http-nio-8080-exec-2] DEBUG c.e.r.s.JwtAuthenticationFilter - JWT token found: eyJhbGciOiJIUzI1NiJ9...
2025-09-28 15:15:07 [http-nio-8080-exec-2] DEBUG c.e.r.s.JwtAuthenticationFilter - JWT token is valid for user: hello
2025-09-28 15:15:07 [http-nio-8080-exec-2] DEBUG c.e.r.s.JwtAuthenticationFilter - User hello authenticated successfully
2025-09-28 15:15:07 [http-nio-8080-exec-2] DEBUG o.s.security.web.FilterChainProxy - Secured GET /api/knowledge-bases
2025-09-28 15:15:08 [http-nio-8080-exec-3] DEBUG o.s.security.web.FilterChainProxy - Securing GET /api/documents?knowledgeBaseId=6
2025-09-28 15:15:08 [http-nio-8080-exec-3] DEBUG c.e.r.s.JwtAuthenticationFilter - Processing request: GET /api/documents, JWT token present: true
2025-09-28 15:15:08 [http-nio-8080-exec-3] DEBUG c.e.r.s.JwtAuthenticationFilter - JWT token found: eyJhbGciOiJIUzI1NiJ9...
2025-09-28 15:15:08 [http-nio-8080-exec-3] DEBUG c.e.r.s.JwtAuthenticationFilter - JWT token is valid for user: hello
2025-09-28 15:15:08 [http-nio-8080-exec-3] DEBUG c.e.r.s.JwtAuthenticationFilter - User hello authenticated successfully
2025-09-28 15:15:08 [http-nio-8080-exec-3] DEBUG o.s.security.web.FilterChainProxy - Secured GET /api/documents?knowledgeBaseId=6
2025-09-28 15:15:56 [SpringApplicationShutdownHook] INFO  o.s.b.w.e.tomcat.GracefulShutdown - Commencing graceful shutdown. Waiting for active requests to complete
2025-09-28 15:15:57 [tomcat-shutdown] INFO  o.s.b.w.e.tomcat.GracefulShutdown - Graceful shutdown complete
2025-09-28 15:15:57 [SpringApplicationShutdownHook] INFO  o.s.o.j.LocalContainerEntityManagerFactoryBean - Closing JPA EntityManagerFactory for persistence unit 'default'
2025-09-28 15:15:57 [SpringApplicationShutdownHook] INFO  com.zaxxer.hikari.HikariDataSource - HikariPool-1 - Shutdown initiated...
2025-09-28 15:15:57 [SpringApplicationShutdownHook] INFO  com.zaxxer.hikari.HikariDataSource - HikariPool-1 - Shutdown completed.
2025-09-28 15:17:59 [main] INFO  c.example.ragone.RagOneApplication - Starting RagOneApplication using Java 24.0.2 with PID 18156 (/home/a/IdeaProjects/RAG-one/target/classes started by a in /home/a/IdeaProjects/RAG-one)
2025-09-28 15:17:59 [main] DEBUG c.example.ragone.RagOneApplication - Running with Spring Boot v3.5.6, Spring v6.2.11
2025-09-28 15:17:59 [main] INFO  c.example.ragone.RagOneApplication - No active profile set, falling back to 1 default profile: "default"
2025-09-28 15:18:00 [main] INFO  o.s.d.r.c.RepositoryConfigurationDelegate - Multiple Spring Data modules found, entering strict repository configuration mode
2025-09-28 15:18:00 [main] INFO  o.s.d.r.c.RepositoryConfigurationDelegate - Bootstrapping Spring Data JPA repositories in DEFAULT mode.
2025-09-28 15:18:00 [main] INFO  o.s.d.r.c.RepositoryConfigurationDelegate - Finished Spring Data repository scanning in 65 ms. Found 9 JPA repository interfaces.
2025-09-28 15:18:00 [main] INFO  o.s.d.r.c.RepositoryConfigurationDelegate - Multiple Spring Data modules found, entering strict repository configuration mode
2025-09-28 15:18:00 [main] INFO  o.s.d.r.c.RepositoryConfigurationDelegate - Bootstrapping Spring Data Redis repositories in DEFAULT mode.
2025-09-28 15:18:00 [main] INFO  o.s.d.r.c.RepositoryConfigurationExtensionSupport - Spring Data Redis - Could not safely identify store assignment for repository candidate interface com.example.ragone.repository.CharacterProfileRepository; If you want this repository to be a Redis repository, consider annotating your entities with one of these annotations: org.springframework.data.redis.core.RedisHash (preferred), or consider extending one of the following types with your repository: org.springframework.data.keyvalue.repository.KeyValueRepository
2025-09-28 15:18:00 [main] INFO  o.s.d.r.c.RepositoryConfigurationExtensionSupport - Spring Data Redis - Could not safely identify store assignment for repository candidate interface com.example.ragone.repository.CharacterRepository; If you want this repository to be a Redis repository, consider annotating your entities with one of these annotations: org.springframework.data.redis.core.RedisHash (preferred), or consider extending one of the following types with your repository: org.springframework.data.keyvalue.repository.KeyValueRepository
2025-09-28 15:18:00 [main] INFO  o.s.d.r.c.RepositoryConfigurationExtensionSupport - Spring Data Redis - Could not safely identify store assignment for repository candidate interface com.example.ragone.repository.ChatHistoryRepository; If you want this repository to be a Redis repository, consider annotating your entities with one of these annotations: org.springframework.data.redis.core.RedisHash (preferred), or consider extending one of the following types with your repository: org.springframework.data.keyvalue.repository.KeyValueRepository
2025-09-28 15:18:00 [main] INFO  o.s.d.r.c.RepositoryConfigurationExtensionSupport - Spring Data Redis - Could not safely identify store assignment for repository candidate interface com.example.ragone.repository.DocumentChunkRepository; If you want this repository to be a Redis repository, consider annotating your entities with one of these annotations: org.springframework.data.redis.core.RedisHash (preferred), or consider extending one of the following types with your repository: org.springframework.data.keyvalue.repository.KeyValueRepository
2025-09-28 15:18:00 [main] INFO  o.s.d.r.c.RepositoryConfigurationExtensionSupport - Spring Data Redis - Could not safely identify store assignment for repository candidate interface com.example.ragone.repository.DocumentRepository; If you want this repository to be a Redis repository, consider annotating your entities with one of these annotations: org.springframework.data.redis.core.RedisHash (preferred), or consider extending one of the following types with your repository: org.springframework.data.keyvalue.repository.KeyValueRepository
2025-09-28 15:18:00 [main] INFO  o.s.d.r.c.RepositoryConfigurationExtensionSupport - Spring Data Redis - Could not safely identify store assignment for repository candidate interface com.example.ragone.repository.KnowledgeBaseRepository; If you want this repository to be a Redis repository, consider annotating your entities with one of these annotations: org.springframework.data.redis.core.RedisHash (preferred), or consider extending one of the following types with your repository: org.springframework.data.keyvalue.repository.KeyValueRepository
2025-09-28 15:18:00 [main] INFO  o.s.d.r.c.RepositoryConfigurationExtensionSupport - Spring Data Redis - Could not safely identify store assignment for repository candidate interface com.example.ragone.repository.RolePlayHistoryRepository; If you want this repository to be a Redis repository, consider annotating your entities with one of these annotations: org.springframework.data.redis.core.RedisHash (preferred), or consider extending one of the following types with your repository: org.springframework.data.keyvalue.repository.KeyValueRepository
2025-09-28 15:18:00 [main] INFO  o.s.d.r.c.RepositoryConfigurationExtensionSupport - Spring Data Redis - Could not safely identify store assignment for repository candidate interface com.example.ragone.repository.RolePlaySessionRepository; If you want this repository to be a Redis repository, consider annotating your entities with one of these annotations: org.springframework.data.redis.core.RedisHash (preferred), or consider extending one of the following types with your repository: org.springframework.data.keyvalue.repository.KeyValueRepository
2025-09-28 15:18:00 [main] INFO  o.s.d.r.c.RepositoryConfigurationExtensionSupport - Spring Data Redis - Could not safely identify store assignment for repository candidate interface com.example.ragone.repository.UserRepository; If you want this repository to be a Redis repository, consider annotating your entities with one of these annotations: org.springframework.data.redis.core.RedisHash (preferred), or consider extending one of the following types with your repository: org.springframework.data.keyvalue.repository.KeyValueRepository
2025-09-28 15:18:00 [main] INFO  o.s.d.r.c.RepositoryConfigurationDelegate - Finished Spring Data repository scanning in 3 ms. Found 0 Redis repository interfaces.
2025-09-28 15:18:00 [main] INFO  o.s.b.w.e.tomcat.TomcatWebServer - Tomcat initialized with port 8080 (http)
2025-09-28 15:18:00 [main] INFO  o.a.catalina.core.StandardService - Starting service [Tomcat]
2025-09-28 15:18:00 [main] INFO  o.a.catalina.core.StandardEngine - Starting Servlet engine: [Apache Tomcat/10.1.46]
2025-09-28 15:18:00 [main] INFO  o.a.c.c.C.[Tomcat].[localhost].[/] - Initializing Spring embedded WebApplicationContext
2025-09-28 15:18:00 [main] INFO  o.s.b.w.s.c.ServletWebServerApplicationContext - Root WebApplicationContext: initialization completed in 951 ms
2025-09-28 15:18:00 [main] INFO  o.h.jpa.internal.util.LogHelper - HHH000204: Processing PersistenceUnitInfo [name: default]
2025-09-28 15:18:00 [main] INFO  org.hibernate.Version - HHH000412: Hibernate ORM core version 6.6.29.Final
2025-09-28 15:18:00 [main] INFO  o.h.c.i.RegionFactoryInitiator - HHH000026: Second-level cache disabled
2025-09-28 15:18:00 [main] INFO  o.s.o.j.p.SpringPersistenceUnitInfo - No LoadTimeWeaver setup: ignoring JPA class transformer
2025-09-28 15:18:00 [main] INFO  com.zaxxer.hikari.HikariDataSource - HikariPool-1 - Starting...
2025-09-28 15:18:00 [main] INFO  com.zaxxer.hikari.pool.HikariPool - HikariPool-1 - Added connection org.postgresql.jdbc.PgConnection@32e5fb4c
2025-09-28 15:18:00 [main] INFO  com.zaxxer.hikari.HikariDataSource - HikariPool-1 - Start completed.
2025-09-28 15:18:00 [main] WARN  org.hibernate.orm.deprecation - HHH90000025: PostgreSQLDialect does not need to be specified explicitly using 'hibernate.dialect' (remove the property setting and it will be selected by default)
2025-09-28 15:18:00 [main] INFO  o.hibernate.orm.connections.pooling - HHH10001005: Database info:
	Database JDBC URL [Connecting through datasource 'HikariDataSource (HikariPool-1)']
	Database driver: undefined/unknown
	Database version: 16.10
	Autocommit mode: undefined/unknown
	Isolation level: undefined/unknown
	Minimum pool size: undefined/unknown
	Maximum pool size: undefined/unknown
2025-09-28 15:18:01 [main] INFO  o.h.e.t.j.p.i.JtaPlatformInitiator - HHH000489: No JTA platform available (set 'hibernate.transaction.jta.platform' to enable JTA platform integration)
2025-09-28 15:18:01 [main] INFO  o.s.o.j.LocalContainerEntityManagerFactoryBean - Initialized JPA EntityManagerFactory for persistence unit 'default'
2025-09-28 15:18:02 [main] DEBUG c.e.r.s.JwtAuthenticationFilter - Filter 'jwtAuthenticationFilter' configured for use
2025-09-28 15:18:02 [main] INFO  o.s.s.c.a.a.c.InitializeUserDetailsBeanManagerConfigurer$InitializeUserDetailsManagerConfigurer - Global AuthenticationManager configured with UserDetailsService bean with name userDetailsServiceImpl
2025-09-28 15:18:02 [main] INFO  o.s.d.j.r.query.QueryEnhancerFactory - Hibernate is in classpath; If applicable, HQL parser will be used.
2025-09-28 15:18:03 [main] WARN  o.s.b.a.o.j.JpaBaseConfiguration$JpaWebConfiguration - spring.jpa.open-in-view is enabled by default. Therefore, database queries may be performed during view rendering. Explicitly configure spring.jpa.open-in-view to disable this warning
2025-09-28 15:18:03 [main] INFO  o.s.b.a.e.web.EndpointLinksResolver - Exposing 2 endpoints beneath base path '/actuator'
2025-09-28 15:18:03 [main] DEBUG o.s.s.web.DefaultSecurityFilterChain - Will secure any request with filters: DisableEncodeUrlFilter, WebAsyncManagerIntegrationFilter, SecurityContextHolderFilter, HeaderWriterFilter, CorsFilter, LogoutFilter, JwtAuthenticationFilter, RequestCacheAwareFilter, SecurityContextHolderAwareRequestFilter, AnonymousAuthenticationFilter, SessionManagementFilter, ExceptionTranslationFilter, AuthorizationFilter
2025-09-28 15:18:03 [main] INFO  o.s.b.w.e.tomcat.TomcatWebServer - Tomcat started on port 8080 (http) with context path '/'
2025-09-28 15:18:03 [main] INFO  c.example.ragone.RagOneApplication - Started RagOneApplication in 4.354 seconds (process running for 4.665)
2025-09-28 15:18:04 [RMI TCP Connection(3)-127.0.0.1] INFO  o.a.c.c.C.[Tomcat].[localhost].[/] - Initializing Spring DispatcherServlet 'dispatcherServlet'
2025-09-28 15:18:04 [RMI TCP Connection(3)-127.0.0.1] INFO  o.s.web.servlet.DispatcherServlet - Initializing Servlet 'dispatcherServlet'
2025-09-28 15:18:04 [RMI TCP Connection(3)-127.0.0.1] INFO  o.s.web.servlet.DispatcherServlet - Completed initialization in 1 ms
2025-09-28 15:18:07 [http-nio-8080-exec-1] DEBUG o.s.security.web.FilterChainProxy - Securing POST /api/auth/login
2025-09-28 15:18:07 [http-nio-8080-exec-1] DEBUG c.e.r.s.JwtAuthenticationFilter - Processing request: POST /api/auth/login, JWT token present: false
2025-09-28 15:18:07 [http-nio-8080-exec-1] DEBUG c.e.r.s.JwtAuthenticationFilter - No JWT token found in request headers
2025-09-28 15:18:07 [http-nio-8080-exec-1] DEBUG o.s.s.w.a.AnonymousAuthenticationFilter - Set SecurityContextHolder to anonymous SecurityContext
2025-09-28 15:18:07 [http-nio-8080-exec-1] DEBUG o.s.security.web.FilterChainProxy - Secured POST /api/auth/login
2025-09-28 15:18:07 [http-nio-8080-exec-1] DEBUG o.s.s.a.d.DaoAuthenticationProvider - Authenticated user
2025-09-28 15:18:07 [http-nio-8080-exec-2] DEBUG o.s.security.web.FilterChainProxy - Securing GET /api/auth/me
2025-09-28 15:18:07 [http-nio-8080-exec-2] DEBUG c.e.r.s.JwtAuthenticationFilter - Processing request: GET /api/auth/me, JWT token present: true
2025-09-28 15:18:07 [http-nio-8080-exec-2] DEBUG c.e.r.s.JwtAuthenticationFilter - JWT token found: eyJhbGciOiJIUzI1NiJ9...
2025-09-28 15:18:07 [http-nio-8080-exec-2] DEBUG c.e.r.s.JwtAuthenticationFilter - JWT token is valid for user: hello
2025-09-28 15:18:07 [http-nio-8080-exec-2] DEBUG c.e.r.s.JwtAuthenticationFilter - User hello authenticated successfully
2025-09-28 15:18:07 [http-nio-8080-exec-2] DEBUG o.s.security.web.FilterChainProxy - Secured GET /api/auth/me
2025-09-28 15:18:08 [http-nio-8080-exec-3] DEBUG o.s.security.web.FilterChainProxy - Securing GET /api/knowledge-bases
2025-09-28 15:18:08 [http-nio-8080-exec-3] DEBUG c.e.r.s.JwtAuthenticationFilter - Processing request: GET /api/knowledge-bases, JWT token present: true
2025-09-28 15:18:08 [http-nio-8080-exec-3] DEBUG c.e.r.s.JwtAuthenticationFilter - JWT token found: eyJhbGciOiJIUzI1NiJ9...
2025-09-28 15:18:08 [http-nio-8080-exec-3] DEBUG c.e.r.s.JwtAuthenticationFilter - JWT token is valid for user: hello
2025-09-28 15:18:08 [http-nio-8080-exec-3] DEBUG c.e.r.s.JwtAuthenticationFilter - User hello authenticated successfully
2025-09-28 15:18:08 [http-nio-8080-exec-3] DEBUG o.s.security.web.FilterChainProxy - Secured GET /api/knowledge-bases
2025-09-28 15:18:08 [http-nio-8080-exec-4] DEBUG o.s.security.web.FilterChainProxy - Securing GET /api/knowledge-bases
2025-09-28 15:18:08 [http-nio-8080-exec-4] DEBUG c.e.r.s.JwtAuthenticationFilter - Processing request: GET /api/knowledge-bases, JWT token present: true
2025-09-28 15:18:08 [http-nio-8080-exec-4] DEBUG c.e.r.s.JwtAuthenticationFilter - JWT token found: eyJhbGciOiJIUzI1NiJ9...
2025-09-28 15:18:08 [http-nio-8080-exec-4] DEBUG c.e.r.s.JwtAuthenticationFilter - JWT token is valid for user: hello
2025-09-28 15:18:08 [http-nio-8080-exec-4] DEBUG c.e.r.s.JwtAuthenticationFilter - User hello authenticated successfully
2025-09-28 15:18:08 [http-nio-8080-exec-4] DEBUG o.s.security.web.FilterChainProxy - Secured GET /api/knowledge-bases
2025-09-28 15:18:08 [http-nio-8080-exec-5] DEBUG o.s.security.web.FilterChainProxy - Securing GET /api/documents?knowledgeBaseId=6
2025-09-28 15:18:08 [http-nio-8080-exec-5] DEBUG c.e.r.s.JwtAuthenticationFilter - Processing request: GET /api/documents, JWT token present: true
2025-09-28 15:18:08 [http-nio-8080-exec-5] DEBUG c.e.r.s.JwtAuthenticationFilter - JWT token found: eyJhbGciOiJIUzI1NiJ9...
2025-09-28 15:18:08 [http-nio-8080-exec-5] DEBUG c.e.r.s.JwtAuthenticationFilter - JWT token is valid for user: hello
2025-09-28 15:18:08 [http-nio-8080-exec-5] DEBUG c.e.r.s.JwtAuthenticationFilter - User hello authenticated successfully
2025-09-28 15:18:08 [http-nio-8080-exec-5] DEBUG o.s.security.web.FilterChainProxy - Secured GET /api/documents?knowledgeBaseId=6
2025-09-28 15:18:10 [http-nio-8080-exec-6] DEBUG o.s.security.web.FilterChainProxy - Securing GET /api/knowledge-bases
2025-09-28 15:18:10 [http-nio-8080-exec-6] DEBUG c.e.r.s.JwtAuthenticationFilter - Processing request: GET /api/knowledge-bases, JWT token present: true
2025-09-28 15:18:10 [http-nio-8080-exec-6] DEBUG c.e.r.s.JwtAuthenticationFilter - JWT token found: eyJhbGciOiJIUzI1NiJ9...
2025-09-28 15:18:10 [http-nio-8080-exec-6] DEBUG c.e.r.s.JwtAuthenticationFilter - JWT token is valid for user: hello
2025-09-28 15:18:10 [http-nio-8080-exec-6] DEBUG c.e.r.s.JwtAuthenticationFilter - User hello authenticated successfully
2025-09-28 15:18:10 [http-nio-8080-exec-6] DEBUG o.s.security.web.FilterChainProxy - Secured GET /api/knowledge-bases
2025-09-28 15:18:10 [http-nio-8080-exec-7] DEBUG o.s.security.web.FilterChainProxy - Securing GET /api/knowledge-bases
2025-09-28 15:18:10 [http-nio-8080-exec-7] DEBUG c.e.r.s.JwtAuthenticationFilter - Processing request: GET /api/knowledge-bases, JWT token present: true
2025-09-28 15:18:10 [http-nio-8080-exec-7] DEBUG c.e.r.s.JwtAuthenticationFilter - JWT token found: eyJhbGciOiJIUzI1NiJ9...
2025-09-28 15:18:10 [http-nio-8080-exec-7] DEBUG c.e.r.s.JwtAuthenticationFilter - JWT token is valid for user: hello
2025-09-28 15:18:10 [http-nio-8080-exec-7] DEBUG c.e.r.s.JwtAuthenticationFilter - User hello authenticated successfully
2025-09-28 15:18:10 [http-nio-8080-exec-7] DEBUG o.s.security.web.FilterChainProxy - Secured GET /api/knowledge-bases
2025-09-28 15:18:23 [http-nio-8080-exec-8] DEBUG o.s.security.web.FilterChainProxy - Securing GET /api/knowledge-bases
2025-09-28 15:18:23 [http-nio-8080-exec-8] DEBUG c.e.r.s.JwtAuthenticationFilter - Processing request: GET /api/knowledge-bases, JWT token present: true
2025-09-28 15:18:23 [http-nio-8080-exec-8] DEBUG c.e.r.s.JwtAuthenticationFilter - JWT token found: eyJhbGciOiJIUzI1NiJ9...
2025-09-28 15:18:23 [http-nio-8080-exec-8] DEBUG c.e.r.s.JwtAuthenticationFilter - JWT token is valid for user: hello
2025-09-28 15:18:23 [http-nio-8080-exec-8] DEBUG c.e.r.s.JwtAuthenticationFilter - User hello authenticated successfully
2025-09-28 15:18:23 [http-nio-8080-exec-8] DEBUG o.s.security.web.FilterChainProxy - Secured GET /api/knowledge-bases
2025-09-28 15:18:23 [http-nio-8080-exec-9] DEBUG o.s.security.web.FilterChainProxy - Securing GET /api/knowledge-bases
2025-09-28 15:18:23 [http-nio-8080-exec-9] DEBUG c.e.r.s.JwtAuthenticationFilter - Processing request: GET /api/knowledge-bases, JWT token present: true
2025-09-28 15:18:23 [http-nio-8080-exec-9] DEBUG c.e.r.s.JwtAuthenticationFilter - JWT token found: eyJhbGciOiJIUzI1NiJ9...
2025-09-28 15:18:23 [http-nio-8080-exec-9] DEBUG c.e.r.s.JwtAuthenticationFilter - JWT token is valid for user: hello
2025-09-28 15:18:23 [http-nio-8080-exec-9] DEBUG c.e.r.s.JwtAuthenticationFilter - User hello authenticated successfully
2025-09-28 15:18:23 [http-nio-8080-exec-9] DEBUG o.s.security.web.FilterChainProxy - Secured GET /api/knowledge-bases
2025-09-28 15:18:24 [http-nio-8080-exec-10] DEBUG o.s.security.web.FilterChainProxy - Securing GET /api/knowledge-bases
2025-09-28 15:18:24 [http-nio-8080-exec-10] DEBUG c.e.r.s.JwtAuthenticationFilter - Processing request: GET /api/knowledge-bases, JWT token present: true
2025-09-28 15:18:24 [http-nio-8080-exec-10] DEBUG c.e.r.s.JwtAuthenticationFilter - JWT token found: eyJhbGciOiJIUzI1NiJ9...
2025-09-28 15:18:24 [http-nio-8080-exec-10] DEBUG c.e.r.s.JwtAuthenticationFilter - JWT token is valid for user: hello
2025-09-28 15:18:24 [http-nio-8080-exec-10] DEBUG c.e.r.s.JwtAuthenticationFilter - User hello authenticated successfully
2025-09-28 15:18:24 [http-nio-8080-exec-10] DEBUG o.s.security.web.FilterChainProxy - Secured GET /api/knowledge-bases
2025-09-28 15:18:24 [http-nio-8080-exec-1] DEBUG o.s.security.web.FilterChainProxy - Securing GET /api/knowledge-bases
2025-09-28 15:18:24 [http-nio-8080-exec-1] DEBUG c.e.r.s.JwtAuthenticationFilter - Processing request: GET /api/knowledge-bases, JWT token present: true
2025-09-28 15:18:24 [http-nio-8080-exec-1] DEBUG c.e.r.s.JwtAuthenticationFilter - JWT token found: eyJhbGciOiJIUzI1NiJ9...
2025-09-28 15:18:24 [http-nio-8080-exec-1] DEBUG c.e.r.s.JwtAuthenticationFilter - JWT token is valid for user: hello
2025-09-28 15:18:24 [http-nio-8080-exec-1] DEBUG c.e.r.s.JwtAuthenticationFilter - User hello authenticated successfully
2025-09-28 15:18:24 [http-nio-8080-exec-1] DEBUG o.s.security.web.FilterChainProxy - Secured GET /api/knowledge-bases
2025-09-28 15:18:24 [http-nio-8080-exec-2] DEBUG o.s.security.web.FilterChainProxy - Securing GET /api/documents?knowledgeBaseId=6
2025-09-28 15:18:24 [http-nio-8080-exec-2] DEBUG c.e.r.s.JwtAuthenticationFilter - Processing request: GET /api/documents, JWT token present: true
2025-09-28 15:18:24 [http-nio-8080-exec-2] DEBUG c.e.r.s.JwtAuthenticationFilter - JWT token found: eyJhbGciOiJIUzI1NiJ9...
2025-09-28 15:18:24 [http-nio-8080-exec-2] DEBUG c.e.r.s.JwtAuthenticationFilter - JWT token is valid for user: hello
2025-09-28 15:18:24 [http-nio-8080-exec-2] DEBUG c.e.r.s.JwtAuthenticationFilter - User hello authenticated successfully
2025-09-28 15:18:24 [http-nio-8080-exec-2] DEBUG o.s.security.web.FilterChainProxy - Secured GET /api/documents?knowledgeBaseId=6
2025-09-28 15:18:27 [http-nio-8080-exec-3] DEBUG o.s.security.web.FilterChainProxy - Securing POST /api/documents/upload
2025-09-28 15:18:27 [http-nio-8080-exec-3] DEBUG c.e.r.s.JwtAuthenticationFilter - Processing request: POST /api/documents/upload, JWT token present: true
2025-09-28 15:18:27 [http-nio-8080-exec-3] DEBUG c.e.r.s.JwtAuthenticationFilter - JWT token found: eyJhbGciOiJIUzI1NiJ9...
2025-09-28 15:18:27 [http-nio-8080-exec-3] DEBUG c.e.r.s.JwtAuthenticationFilter - JWT token is valid for user: hello
2025-09-28 15:18:27 [http-nio-8080-exec-3] DEBUG c.e.r.s.JwtAuthenticationFilter - User hello authenticated successfully
2025-09-28 15:18:27 [http-nio-8080-exec-3] DEBUG o.s.security.web.FilterChainProxy - Secured POST /api/documents/upload
2025-09-28 15:18:29 [http-nio-8080-exec-3] WARN  o.a.pdfbox.pdmodel.font.PDSimpleFont - No Unicode mapping for g7C2B (167) in font null
2025-09-28 15:18:30 [http-nio-8080-exec-3] WARN  o.a.p.pdmodel.font.PDTrueTypeFont - Using fallback font LiberationSans for TrebuchetMS
2025-09-28 15:18:30 [http-nio-8080-exec-3] WARN  o.a.p.pdmodel.font.PDTrueTypeFont - Using fallback font LiberationSans for TrebuchetMS
2025-09-28 15:21:31 [http-nio-8080-exec-3] INFO  c.e.ragone.service.DocumentService - 文档处理完成: 哈利·波特与魔法石 (哈利·波特 1) (Rowling J.K., J.K.罗琳, 苏农) (Z-Library).pdf, 共生成 2181 个片段
2025-09-28 15:26:46 [http-nio-8080-exec-5] DEBUG o.s.security.web.FilterChainProxy - Securing GET /api/auth/me
2025-09-28 15:26:46 [http-nio-8080-exec-5] DEBUG c.e.r.s.JwtAuthenticationFilter - Processing request: GET /api/auth/me, JWT token present: true
2025-09-28 15:26:46 [http-nio-8080-exec-5] DEBUG c.e.r.s.JwtAuthenticationFilter - JWT token found: eyJhbGciOiJIUzI1NiJ9...
2025-09-28 15:26:46 [http-nio-8080-exec-5] DEBUG c.e.r.s.JwtAuthenticationFilter - JWT token is valid for user: hello
2025-09-28 15:26:46 [http-nio-8080-exec-5] DEBUG c.e.r.s.JwtAuthenticationFilter - User hello authenticated successfully
2025-09-28 15:26:46 [http-nio-8080-exec-5] DEBUG o.s.security.web.FilterChainProxy - Secured GET /api/auth/me
2025-09-28 15:26:46 [http-nio-8080-exec-6] DEBUG o.s.security.web.FilterChainProxy - Securing GET /api/auth/me
2025-09-28 15:26:46 [http-nio-8080-exec-6] DEBUG c.e.r.s.JwtAuthenticationFilter - Processing request: GET /api/auth/me, JWT token present: true
2025-09-28 15:26:46 [http-nio-8080-exec-6] DEBUG c.e.r.s.JwtAuthenticationFilter - JWT token found: eyJhbGciOiJIUzI1NiJ9...
2025-09-28 15:26:46 [http-nio-8080-exec-6] DEBUG c.e.r.s.JwtAuthenticationFilter - JWT token is valid for user: hello
2025-09-28 15:26:46 [http-nio-8080-exec-6] DEBUG c.e.r.s.JwtAuthenticationFilter - User hello authenticated successfully
2025-09-28 15:26:46 [http-nio-8080-exec-6] DEBUG o.s.security.web.FilterChainProxy - Secured GET /api/auth/me
2025-09-28 15:26:46 [http-nio-8080-exec-7] DEBUG o.s.security.web.FilterChainProxy - Securing GET /api/knowledge-bases
2025-09-28 15:26:46 [http-nio-8080-exec-7] DEBUG c.e.r.s.JwtAuthenticationFilter - Processing request: GET /api/knowledge-bases, JWT token present: true
2025-09-28 15:26:46 [http-nio-8080-exec-7] DEBUG c.e.r.s.JwtAuthenticationFilter - JWT token found: eyJhbGciOiJIUzI1NiJ9...
2025-09-28 15:26:46 [http-nio-8080-exec-7] DEBUG c.e.r.s.JwtAuthenticationFilter - JWT token is valid for user: hello
2025-09-28 15:26:46 [http-nio-8080-exec-7] DEBUG c.e.r.s.JwtAuthenticationFilter - User hello authenticated successfully
2025-09-28 15:26:46 [http-nio-8080-exec-7] DEBUG o.s.security.web.FilterChainProxy - Secured GET /api/knowledge-bases
2025-09-28 15:26:46 [http-nio-8080-exec-8] DEBUG o.s.security.web.FilterChainProxy - Securing GET /api/knowledge-bases
2025-09-28 15:26:46 [http-nio-8080-exec-8] DEBUG c.e.r.s.JwtAuthenticationFilter - Processing request: GET /api/knowledge-bases, JWT token present: true
2025-09-28 15:26:46 [http-nio-8080-exec-8] DEBUG c.e.r.s.JwtAuthenticationFilter - JWT token found: eyJhbGciOiJIUzI1NiJ9...
2025-09-28 15:26:46 [http-nio-8080-exec-8] DEBUG c.e.r.s.JwtAuthenticationFilter - JWT token is valid for user: hello
2025-09-28 15:26:46 [http-nio-8080-exec-8] DEBUG c.e.r.s.JwtAuthenticationFilter - User hello authenticated successfully
2025-09-28 15:26:46 [http-nio-8080-exec-8] DEBUG o.s.security.web.FilterChainProxy - Secured GET /api/knowledge-bases
2025-09-28 15:26:46 [http-nio-8080-exec-9] DEBUG o.s.security.web.FilterChainProxy - Securing GET /api/documents?knowledgeBaseId=6
2025-09-28 15:26:46 [http-nio-8080-exec-9] DEBUG c.e.r.s.JwtAuthenticationFilter - Processing request: GET /api/documents, JWT token present: true
2025-09-28 15:26:46 [http-nio-8080-exec-9] DEBUG c.e.r.s.JwtAuthenticationFilter - JWT token found: eyJhbGciOiJIUzI1NiJ9...
2025-09-28 15:26:46 [http-nio-8080-exec-9] DEBUG c.e.r.s.JwtAuthenticationFilter - JWT token is valid for user: hello
2025-09-28 15:26:46 [http-nio-8080-exec-9] DEBUG c.e.r.s.JwtAuthenticationFilter - User hello authenticated successfully
2025-09-28 15:26:46 [http-nio-8080-exec-9] DEBUG o.s.security.web.FilterChainProxy - Secured GET /api/documents?knowledgeBaseId=6
2025-09-28 15:26:48 [http-nio-8080-exec-10] DEBUG o.s.security.web.FilterChainProxy - Securing GET /api/knowledge-bases
2025-09-28 15:26:48 [http-nio-8080-exec-10] DEBUG c.e.r.s.JwtAuthenticationFilter - Processing request: GET /api/knowledge-bases, JWT token present: true
2025-09-28 15:26:48 [http-nio-8080-exec-10] DEBUG c.e.r.s.JwtAuthenticationFilter - JWT token found: eyJhbGciOiJIUzI1NiJ9...
2025-09-28 15:26:48 [http-nio-8080-exec-10] DEBUG c.e.r.s.JwtAuthenticationFilter - JWT token is valid for user: hello
2025-09-28 15:26:48 [http-nio-8080-exec-10] DEBUG c.e.r.s.JwtAuthenticationFilter - User hello authenticated successfully
2025-09-28 15:26:48 [http-nio-8080-exec-10] DEBUG o.s.security.web.FilterChainProxy - Secured GET /api/knowledge-bases
2025-09-28 15:26:48 [http-nio-8080-exec-1] DEBUG o.s.security.web.FilterChainProxy - Securing GET /api/knowledge-bases
2025-09-28 15:26:48 [http-nio-8080-exec-1] DEBUG c.e.r.s.JwtAuthenticationFilter - Processing request: GET /api/knowledge-bases, JWT token present: true
2025-09-28 15:26:48 [http-nio-8080-exec-1] DEBUG c.e.r.s.JwtAuthenticationFilter - JWT token found: eyJhbGciOiJIUzI1NiJ9...
2025-09-28 15:26:48 [http-nio-8080-exec-1] DEBUG c.e.r.s.JwtAuthenticationFilter - JWT token is valid for user: hello
2025-09-28 15:26:48 [http-nio-8080-exec-1] DEBUG c.e.r.s.JwtAuthenticationFilter - User hello authenticated successfully
2025-09-28 15:26:48 [http-nio-8080-exec-1] DEBUG o.s.security.web.FilterChainProxy - Secured GET /api/knowledge-bases
2025-09-28 15:26:49 [http-nio-8080-exec-2] DEBUG o.s.security.web.FilterChainProxy - Securing GET /api/knowledge-bases
2025-09-28 15:26:49 [http-nio-8080-exec-2] DEBUG c.e.r.s.JwtAuthenticationFilter - Processing request: GET /api/knowledge-bases, JWT token present: true
2025-09-28 15:26:49 [http-nio-8080-exec-2] DEBUG c.e.r.s.JwtAuthenticationFilter - JWT token found: eyJhbGciOiJIUzI1NiJ9...
2025-09-28 15:26:49 [http-nio-8080-exec-2] DEBUG c.e.r.s.JwtAuthenticationFilter - JWT token is valid for user: hello
2025-09-28 15:26:49 [http-nio-8080-exec-2] DEBUG c.e.r.s.JwtAuthenticationFilter - User hello authenticated successfully
2025-09-28 15:26:49 [http-nio-8080-exec-2] DEBUG o.s.security.web.FilterChainProxy - Secured GET /api/knowledge-bases
2025-09-28 15:26:49 [http-nio-8080-exec-4] DEBUG o.s.security.web.FilterChainProxy - Securing GET /api/knowledge-bases
2025-09-28 15:26:49 [http-nio-8080-exec-4] DEBUG c.e.r.s.JwtAuthenticationFilter - Processing request: GET /api/knowledge-bases, JWT token present: true
2025-09-28 15:26:49 [http-nio-8080-exec-4] DEBUG c.e.r.s.JwtAuthenticationFilter - JWT token found: eyJhbGciOiJIUzI1NiJ9...
2025-09-28 15:26:49 [http-nio-8080-exec-4] DEBUG c.e.r.s.JwtAuthenticationFilter - JWT token is valid for user: hello
2025-09-28 15:26:49 [http-nio-8080-exec-4] DEBUG c.e.r.s.JwtAuthenticationFilter - User hello authenticated successfully
2025-09-28 15:26:49 [http-nio-8080-exec-4] DEBUG o.s.security.web.FilterChainProxy - Secured GET /api/knowledge-bases
2025-09-28 15:26:56 [http-nio-8080-exec-3] DEBUG o.s.security.web.FilterChainProxy - Securing OPTIONS /api/rag/ask
2025-09-28 15:26:56 [http-nio-8080-exec-5] DEBUG o.s.security.web.FilterChainProxy - Securing POST /api/rag/ask
2025-09-28 15:26:56 [http-nio-8080-exec-5] DEBUG c.e.r.s.JwtAuthenticationFilter - Processing request: POST /api/rag/ask, JWT token present: true
2025-09-28 15:26:56 [http-nio-8080-exec-5] DEBUG c.e.r.s.JwtAuthenticationFilter - JWT token found: eyJhbGciOiJIUzI1NiJ9...
2025-09-28 15:26:56 [http-nio-8080-exec-5] DEBUG c.e.r.s.JwtAuthenticationFilter - JWT token is valid for user: hello
2025-09-28 15:26:56 [http-nio-8080-exec-5] DEBUG c.e.r.s.JwtAuthenticationFilter - User hello authenticated successfully
2025-09-28 15:26:56 [http-nio-8080-exec-5] DEBUG o.s.security.web.FilterChainProxy - Secured POST /api/rag/ask
2025-09-28 15:26:57 [http-nio-8080-exec-5] INFO  c.e.r.service.HybridRetrievalService - 混合检索完成 - 向量结果: 5, 关键词结果: 0, 融合结果: 5
2025-09-28 15:26:57 [http-nio-8080-exec-5] INFO  c.example.ragone.service.RagService - 使用混合检索，找到 5 个相关片段
2025-09-28 15:27:05 [http-nio-8080-exec-5] WARN  o.h.e.jdbc.spi.SqlExceptionHelper - SQL Error: 0, SQLState: 23502
2025-09-28 15:27:05 [http-nio-8080-exec-5] ERROR o.h.e.jdbc.spi.SqlExceptionHelper - ERROR: null value in column "session_id" of relation "chat_histories" violates not-null constraint
  详细：Failing row contains (11, 哈利·波特是《哈利·波特》系列书籍的主人公，..., [{"id": 3644, "content": "  「你知道刚才在⻋站上..., 2025-09-28 15:27:05.048706, 7502, null, null, 哈利波特是谁？, 6, 7).
2025-09-28 15:27:05 [http-nio-8080-exec-5] ERROR c.example.ragone.service.RagService - 保存聊天交互失败
org.springframework.dao.DataIntegrityViolationException: could not execute statement [ERROR: null value in column "session_id" of relation "chat_histories" violates not-null constraint
  详细：Failing row contains (11, 哈利·波特是《哈利·波特》系列书籍的主人公，..., [{"id": 3644, "content": "  「你知道刚才在⻋站上..., 2025-09-28 15:27:05.048706, 7502, null, null, 哈利波特是谁？, 6, 7).] [insert into chat_histories (assistant_response,context_chunks,created_at,knowledge_base_id,response_time_ms,session_id,token_usage,user_id,user_message) values (?,?,?,?,?,?,?,?,?)]; SQL [insert into chat_histories (assistant_response,context_chunks,created_at,knowledge_base_id,response_time_ms,session_id,token_usage,user_id,user_message) values (?,?,?,?,?,?,?,?,?)]; constraint [session_id" of relation "chat_histories]
	at org.springframework.orm.jpa.vendor.HibernateJpaDialect.convertHibernateAccessException(HibernateJpaDialect.java:294)
	at org.springframework.orm.jpa.vendor.HibernateJpaDialect.convertHibernateAccessException(HibernateJpaDialect.java:256)
	at org.springframework.orm.jpa.vendor.HibernateJpaDialect.translateExceptionIfPossible(HibernateJpaDialect.java:241)
	at org.springframework.orm.jpa.AbstractEntityManagerFactoryBean.translateExceptionIfPossible(AbstractEntityManagerFactoryBean.java:560)
	at org.springframework.dao.support.ChainedPersistenceExceptionTranslator.translateExceptionIfPossible(ChainedPersistenceExceptionTranslator.java:61)
	at org.springframework.dao.support.DataAccessUtils.translateIfNecessary(DataAccessUtils.java:343)
	at org.springframework.dao.support.PersistenceExceptionTranslationInterceptor.invoke(PersistenceExceptionTranslationInterceptor.java:160)
	at org.springframework.aop.framework.ReflectiveMethodInvocation.proceed(ReflectiveMethodInvocation.java:184)
	at org.springframework.data.jpa.repository.support.CrudMethodMetadataPostProcessor$CrudMethodMetadataPopulatingMethodInterceptor.invoke(CrudMethodMetadataPostProcessor.java:165)
	at org.springframework.aop.framework.ReflectiveMethodInvocation.proceed(ReflectiveMethodInvocation.java:184)
	at org.springframework.aop.framework.JdkDynamicAopProxy.invoke(JdkDynamicAopProxy.java:223)
	at jdk.proxy2/jdk.proxy2.$Proxy182.save(Unknown Source)
	at com.example.ragone.service.RagService.saveChatInteraction(RagService.java:186)
	at com.example.ragone.service.RagService.askQuestion(RagService.java:125)
	at com.example.ragone.controller.RagController.askQuestion(RagController.java:38)
	at java.base/jdk.internal.reflect.DirectMethodHandleAccessor.invoke(DirectMethodHandleAccessor.java:104)
	at java.base/java.lang.reflect.Method.invoke(Method.java:565)
	at org.springframework.web.method.support.InvocableHandlerMethod.doInvoke(InvocableHandlerMethod.java:258)
	at org.springframework.web.method.support.InvocableHandlerMethod.invokeForRequest(InvocableHandlerMethod.java:191)
	at org.springframework.web.servlet.mvc.method.annotation.ServletInvocableHandlerMethod.invokeAndHandle(ServletInvocableHandlerMethod.java:118)
	at org.springframework.web.servlet.mvc.method.annotation.RequestMappingHandlerAdapter.invokeHandlerMethod(RequestMappingHandlerAdapter.java:991)
	at org.springframework.web.servlet.mvc.method.annotation.RequestMappingHandlerAdapter.handleInternal(RequestMappingHandlerAdapter.java:896)
	at org.springframework.web.servlet.mvc.method.AbstractHandlerMethodAdapter.handle(AbstractHandlerMethodAdapter.java:87)
	at org.springframework.web.servlet.DispatcherServlet.doDispatch(DispatcherServlet.java:1089)
	at org.springframework.web.servlet.DispatcherServlet.doService(DispatcherServlet.java:979)
	at org.springframework.web.servlet.FrameworkServlet.processRequest(FrameworkServlet.java:1014)
	at org.springframework.web.servlet.FrameworkServlet.doPost(FrameworkServlet.java:914)
	at jakarta.servlet.http.HttpServlet.service(HttpServlet.java:590)
	at org.springframework.web.servlet.FrameworkServlet.service(FrameworkServlet.java:885)
	at jakarta.servlet.http.HttpServlet.service(HttpServlet.java:658)
	at org.apache.catalina.core.ApplicationFilterChain.internalDoFilter(ApplicationFilterChain.java:195)
	at org.apache.catalina.core.ApplicationFilterChain.doFilter(ApplicationFilterChain.java:140)
	at org.apache.tomcat.websocket.server.WsFilter.doFilter(WsFilter.java:51)
	at org.apache.catalina.core.ApplicationFilterChain.internalDoFilter(ApplicationFilterChain.java:164)
	at org.apache.catalina.core.ApplicationFilterChain.doFilter(ApplicationFilterChain.java:140)
	at org.springframework.web.filter.OncePerRequestFilter.doFilter(OncePerRequestFilter.java:110)
	at org.apache.catalina.core.ApplicationFilterChain.internalDoFilter(ApplicationFilterChain.java:164)
	at org.apache.catalina.core.ApplicationFilterChain.doFilter(ApplicationFilterChain.java:140)
	at org.springframework.web.filter.CompositeFilter$VirtualFilterChain.doFilter(CompositeFilter.java:108)
	at org.springframework.web.filter.CompositeFilter$VirtualFilterChain.doFilter(CompositeFilter.java:108)
	at org.springframework.security.web.FilterChainProxy.lambda$doFilterInternal$3(FilterChainProxy.java:231)
	at org.springframework.security.web.ObservationFilterChainDecorator$FilterObservation$SimpleFilterObservation.lambda$wrap$1(ObservationFilterChainDecorator.java:490)
	at org.springframework.security.web.ObservationFilterChainDecorator$AroundFilterObservation$SimpleAroundFilterObservation.lambda$wrap$1(ObservationFilterChainDecorator.java:351)
	at org.springframework.security.web.ObservationFilterChainDecorator.lambda$wrapSecured$0(ObservationFilterChainDecorator.java:83)
	at org.springframework.security.web.ObservationFilterChainDecorator$VirtualFilterChain.doFilter(ObservationFilterChainDecorator.java:129)
	at org.springframework.security.web.access.intercept.AuthorizationFilter.doFilter(AuthorizationFilter.java:101)
	at org.springframework.security.web.ObservationFilterChainDecorator$ObservationFilter.wrapFilter(ObservationFilterChainDecorator.java:241)
	at org.springframework.security.web.ObservationFilterChainDecorator$ObservationFilter.doFilter(ObservationFilterChainDecorator.java:228)
	at org.springframework.security.web.ObservationFilterChainDecorator$VirtualFilterChain.doFilter(ObservationFilterChainDecorator.java:138)
	at org.springframework.security.web.access.ExceptionTranslationFilter.doFilter(ExceptionTranslationFilter.java:125)
	at org.springframework.security.web.access.ExceptionTranslationFilter.doFilter(ExceptionTranslationFilter.java:119)
	at org.springframework.security.web.ObservationFilterChainDecorator$ObservationFilter.wrapFilter(ObservationFilterChainDecorator.java:241)
	at org.springframework.security.web.ObservationFilterChainDecorator$ObservationFilter.doFilter(ObservationFilterChainDecorator.java:228)
	at org.springframework.security.web.ObservationFilterChainDecorator$VirtualFilterChain.doFilter(ObservationFilterChainDecorator.java:138)
	at org.springframework.security.web.session.SessionManagementFilter.doFilter(SessionManagementFilter.java:131)
	at org.springframework.security.web.session.SessionManagementFilter.doFilter(SessionManagementFilter.java:85)
	at org.springframework.security.web.ObservationFilterChainDecorator$ObservationFilter.wrapFilter(ObservationFilterChainDecorator.java:241)
	at org.springframework.security.web.ObservationFilterChainDecorator$ObservationFilter.doFilter(ObservationFilterChainDecorator.java:228)
	at org.springframework.security.web.ObservationFilterChainDecorator$VirtualFilterChain.doFilter(ObservationFilterChainDecorator.java:138)
	at org.springframework.security.web.authentication.AnonymousAuthenticationFilter.doFilter(AnonymousAuthenticationFilter.java:100)
	at org.springframework.security.web.ObservationFilterChainDecorator$ObservationFilter.wrapFilter(ObservationFilterChainDecorator.java:241)
	at org.springframework.security.web.ObservationFilterChainDecorator$ObservationFilter.doFilter(ObservationFilterChainDecorator.java:228)
	at org.springframework.security.web.ObservationFilterChainDecorator$VirtualFilterChain.doFilter(ObservationFilterChainDecorator.java:138)
	at org.springframework.security.web.servletapi.SecurityContextHolderAwareRequestFilter.doFilter(SecurityContextHolderAwareRequestFilter.java:179)
	at org.springframework.security.web.ObservationFilterChainDecorator$ObservationFilter.wrapFilter(ObservationFilterChainDecorator.java:241)
	at org.springframework.security.web.ObservationFilterChainDecorator$ObservationFilter.doFilter(ObservationFilterChainDecorator.java:228)
	at org.springframework.security.web.ObservationFilterChainDecorator$VirtualFilterChain.doFilter(ObservationFilterChainDecorator.java:138)
	at org.springframework.security.web.savedrequest.RequestCacheAwareFilter.doFilter(RequestCacheAwareFilter.java:63)
	at org.springframework.security.web.ObservationFilterChainDecorator$ObservationFilter.wrapFilter(ObservationFilterChainDecorator.java:241)
	at org.springframework.security.web.ObservationFilterChainDecorator$ObservationFilter.doFilter(ObservationFilterChainDecorator.java:228)
	at org.springframework.security.web.ObservationFilterChainDecorator$VirtualFilterChain.doFilter(ObservationFilterChainDecorator.java:138)
	at com.example.ragone.security.JwtAuthenticationFilter.doFilterInternal(JwtAuthenticationFilter.java:68)
	at org.springframework.web.filter.OncePerRequestFilter.doFilter(OncePerRequestFilter.java:116)
	at org.springframework.security.web.ObservationFilterChainDecorator$ObservationFilter.wrapFilter(ObservationFilterChainDecorator.java:241)
	at org.springframework.security.web.ObservationFilterChainDecorator$ObservationFilter.doFilter(ObservationFilterChainDecorator.java:228)
	at org.springframework.security.web.ObservationFilterChainDecorator$VirtualFilterChain.doFilter(ObservationFilterChainDecorator.java:138)
	at org.springframework.security.web.authentication.logout.LogoutFilter.doFilter(LogoutFilter.java:107)
	at org.springframework.security.web.authentication.logout.LogoutFilter.doFilter(LogoutFilter.java:93)
	at org.springframework.security.web.ObservationFilterChainDecorator$ObservationFilter.wrapFilter(ObservationFilterChainDecorator.java:241)
	at org.springframework.security.web.ObservationFilterChainDecorator$ObservationFilter.doFilter(ObservationFilterChainDecorator.java:228)
	at org.springframework.security.web.ObservationFilterChainDecorator$VirtualFilterChain.doFilter(ObservationFilterChainDecorator.java:138)
	at org.springframework.web.filter.CorsFilter.doFilterInternal(CorsFilter.java:91)
	at org.springframework.web.filter.OncePerRequestFilter.doFilter(OncePerRequestFilter.java:116)
	at org.springframework.security.web.ObservationFilterChainDecorator$ObservationFilter.wrapFilter(ObservationFilterChainDecorator.java:241)
	at org.springframework.security.web.ObservationFilterChainDecorator$ObservationFilter.doFilter(ObservationFilterChainDecorator.java:228)
	at org.springframework.security.web.ObservationFilterChainDecorator$VirtualFilterChain.doFilter(ObservationFilterChainDecorator.java:138)
	at org.springframework.security.web.header.HeaderWriterFilter.doHeadersAfter(HeaderWriterFilter.java:90)
	at org.springframework.security.web.header.HeaderWriterFilter.doFilterInternal(HeaderWriterFilter.java:75)
	at org.springframework.web.filter.OncePerRequestFilter.doFilter(OncePerRequestFilter.java:116)
	at org.springframework.security.web.ObservationFilterChainDecorator$ObservationFilter.wrapFilter(ObservationFilterChainDecorator.java:241)
	at org.springframework.security.web.ObservationFilterChainDecorator$ObservationFilter.doFilter(ObservationFilterChainDecorator.java:228)
	at org.springframework.security.web.ObservationFilterChainDecorator$VirtualFilterChain.doFilter(ObservationFilterChainDecorator.java:138)
	at org.springframework.security.web.context.SecurityContextHolderFilter.doFilter(SecurityContextHolderFilter.java:82)
	at org.springframework.security.web.context.SecurityContextHolderFilter.doFilter(SecurityContextHolderFilter.java:69)
	at org.springframework.security.web.ObservationFilterChainDecorator$ObservationFilter.wrapFilter(ObservationFilterChainDecorator.java:241)
	at org.springframework.security.web.ObservationFilterChainDecorator$ObservationFilter.doFilter(ObservationFilterChainDecorator.java:228)
	at org.springframework.security.web.ObservationFilterChainDecorator$VirtualFilterChain.doFilter(ObservationFilterChainDecorator.java:138)
	at org.springframework.security.web.context.request.async.WebAsyncManagerIntegrationFilter.doFilterInternal(WebAsyncManagerIntegrationFilter.java:62)
	at org.springframework.web.filter.OncePerRequestFilter.doFilter(OncePerRequestFilter.java:116)
	at org.springframework.security.web.ObservationFilterChainDecorator$ObservationFilter.wrapFilter(ObservationFilterChainDecorator.java:241)
	at org.springframework.security.web.ObservationFilterChainDecorator$ObservationFilter.doFilter(ObservationFilterChainDecorator.java:228)
	at org.springframework.security.web.ObservationFilterChainDecorator$VirtualFilterChain.doFilter(ObservationFilterChainDecorator.java:138)
	at org.springframework.security.web.session.DisableEncodeUrlFilter.doFilterInternal(DisableEncodeUrlFilter.java:42)
	at org.springframework.web.filter.OncePerRequestFilter.doFilter(OncePerRequestFilter.java:116)
	at org.springframework.security.web.ObservationFilterChainDecorator$ObservationFilter.wrapFilter(ObservationFilterChainDecorator.java:241)
	at org.springframework.security.web.ObservationFilterChainDecorator$AroundFilterObservation$SimpleAroundFilterObservation.lambda$wrap$0(ObservationFilterChainDecorator.java:334)
	at org.springframework.security.web.ObservationFilterChainDecorator$ObservationFilter.doFilter(ObservationFilterChainDecorator.java:225)
	at org.springframework.security.web.ObservationFilterChainDecorator$VirtualFilterChain.doFilter(ObservationFilterChainDecorator.java:138)
	at org.springframework.security.web.FilterChainProxy.doFilterInternal(FilterChainProxy.java:233)
	at org.springframework.security.web.FilterChainProxy.doFilter(FilterChainProxy.java:191)
	at org.springframework.web.filter.CompositeFilter$VirtualFilterChain.doFilter(CompositeFilter.java:113)
	at org.springframework.web.filter.ServletRequestPathFilter.doFilter(ServletRequestPathFilter.java:52)
	at org.springframework.web.filter.CompositeFilter$VirtualFilterChain.doFilter(CompositeFilter.java:113)
	at org.springframework.web.filter.CompositeFilter.doFilter(CompositeFilter.java:74)
	at org.springframework.security.config.annotation.web.configuration.WebSecurityConfiguration$CompositeFilterChainProxy.doFilter(WebSecurityConfiguration.java:319)
	at org.springframework.web.filter.CompositeFilter$VirtualFilterChain.doFilter(CompositeFilter.java:113)
	at org.springframework.web.servlet.handler.HandlerMappingIntrospector.lambda$createCacheFilter$4(HandlerMappingIntrospector.java:267)
	at org.springframework.web.filter.CompositeFilter$VirtualFilterChain.doFilter(CompositeFilter.java:113)
	at org.springframework.web.filter.CompositeFilter.doFilter(CompositeFilter.java:74)
	at org.springframework.security.config.annotation.web.configuration.WebMvcSecurityConfiguration$CompositeFilterChainProxy.doFilter(WebMvcSecurityConfiguration.java:240)
	at org.springframework.web.filter.DelegatingFilterProxy.invokeDelegate(DelegatingFilterProxy.java:362)
	at org.springframework.web.filter.DelegatingFilterProxy.doFilter(DelegatingFilterProxy.java:278)
	at org.apache.catalina.core.ApplicationFilterChain.internalDoFilter(ApplicationFilterChain.java:164)
	at org.apache.catalina.core.ApplicationFilterChain.doFilter(ApplicationFilterChain.java:140)
	at org.springframework.web.filter.RequestContextFilter.doFilterInternal(RequestContextFilter.java:100)
	at org.springframework.web.filter.OncePerRequestFilter.doFilter(OncePerRequestFilter.java:116)
	at org.apache.catalina.core.ApplicationFilterChain.internalDoFilter(ApplicationFilterChain.java:164)
	at org.apache.catalina.core.ApplicationFilterChain.doFilter(ApplicationFilterChain.java:140)
	at org.springframework.web.filter.FormContentFilter.doFilterInternal(FormContentFilter.java:93)
	at org.springframework.web.filter.OncePerRequestFilter.doFilter(OncePerRequestFilter.java:116)
	at org.apache.catalina.core.ApplicationFilterChain.internalDoFilter(ApplicationFilterChain.java:164)
	at org.apache.catalina.core.ApplicationFilterChain.doFilter(ApplicationFilterChain.java:140)
	at org.springframework.web.filter.ServerHttpObservationFilter.doFilterInternal(ServerHttpObservationFilter.java:110)
	at org.springframework.web.filter.OncePerRequestFilter.doFilter(OncePerRequestFilter.java:116)
	at org.apache.catalina.core.ApplicationFilterChain.internalDoFilter(ApplicationFilterChain.java:164)
	at org.apache.catalina.core.ApplicationFilterChain.doFilter(ApplicationFilterChain.java:140)
	at org.springframework.web.filter.CharacterEncodingFilter.doFilterInternal(CharacterEncodingFilter.java:201)
	at org.springframework.web.filter.OncePerRequestFilter.doFilter(OncePerRequestFilter.java:116)
	at org.apache.catalina.core.ApplicationFilterChain.internalDoFilter(ApplicationFilterChain.java:164)
	at org.apache.catalina.core.ApplicationFilterChain.doFilter(ApplicationFilterChain.java:140)
	at org.apache.catalina.core.StandardWrapperValve.invoke(StandardWrapperValve.java:167)
	at org.apache.catalina.core.StandardContextValve.invoke(StandardContextValve.java:90)
	at org.apache.catalina.authenticator.AuthenticatorBase.invoke(AuthenticatorBase.java:483)
	at org.apache.catalina.core.StandardHostValve.invoke(StandardHostValve.java:116)
	at org.apache.catalina.valves.ErrorReportValve.invoke(ErrorReportValve.java:93)
	at org.apache.catalina.core.StandardEngineValve.invoke(StandardEngineValve.java:74)
	at org.apache.catalina.connector.CoyoteAdapter.service(CoyoteAdapter.java:344)
	at org.apache.coyote.http11.Http11Processor.service(Http11Processor.java:398)
	at org.apache.coyote.AbstractProcessorLight.process(AbstractProcessorLight.java:63)
	at org.apache.coyote.AbstractProtocol$ConnectionHandler.process(AbstractProtocol.java:903)
	at org.apache.tomcat.util.net.NioEndpoint$SocketProcessor.doRun(NioEndpoint.java:1776)
	at org.apache.tomcat.util.net.SocketProcessorBase.run(SocketProcessorBase.java:52)
	at org.apache.tomcat.util.threads.ThreadPoolExecutor.runWorker(ThreadPoolExecutor.java:975)
	at org.apache.tomcat.util.threads.ThreadPoolExecutor$Worker.run(ThreadPoolExecutor.java:493)
	at org.apache.tomcat.util.threads.TaskThread$WrappingRunnable.run(TaskThread.java:63)
	at java.base/java.lang.Thread.run(Thread.java:1447)
Caused by: org.hibernate.exception.ConstraintViolationException: could not execute statement [ERROR: null value in column "session_id" of relation "chat_histories" violates not-null constraint
  详细：Failing row contains (11, 哈利·波特是《哈利·波特》系列书籍的主人公，..., [{"id": 3644, "content": "  「你知道刚才在⻋站上..., 2025-09-28 15:27:05.048706, 7502, null, null, 哈利波特是谁？, 6, 7).] [insert into chat_histories (assistant_response,context_chunks,created_at,knowledge_base_id,response_time_ms,session_id,token_usage,user_id,user_message) values (?,?,?,?,?,?,?,?,?)]
	at org.hibernate.exception.internal.SQLStateConversionDelegate.convert(SQLStateConversionDelegate.java:97)
	at org.hibernate.exception.internal.StandardSQLExceptionConverter.convert(StandardSQLExceptionConverter.java:58)
	at org.hibernate.engine.jdbc.spi.SqlExceptionHelper.convert(SqlExceptionHelper.java:108)
	at org.hibernate.engine.jdbc.internal.ResultSetReturnImpl.executeUpdate(ResultSetReturnImpl.java:197)
	at org.hibernate.id.insert.GetGeneratedKeysDelegate.performMutation(GetGeneratedKeysDelegate.java:116)
	at org.hibernate.engine.jdbc.mutation.internal.MutationExecutorSingleNonBatched.performNonBatchedOperations(MutationExecutorSingleNonBatched.java:47)
	at org.hibernate.engine.jdbc.mutation.internal.AbstractMutationExecutor.execute(AbstractMutationExecutor.java:55)
	at org.hibernate.persister.entity.mutation.InsertCoordinatorStandard.doStaticInserts(InsertCoordinatorStandard.java:194)
	at org.hibernate.persister.entity.mutation.InsertCoordinatorStandard.coordinateInsert(InsertCoordinatorStandard.java:132)
	at org.hibernate.persister.entity.mutation.InsertCoordinatorStandard.insert(InsertCoordinatorStandard.java:95)
	at org.hibernate.action.internal.EntityIdentityInsertAction.execute(EntityIdentityInsertAction.java:85)
	at org.hibernate.engine.spi.ActionQueue.execute(ActionQueue.java:682)
	at org.hibernate.engine.spi.ActionQueue.addResolvedEntityInsertAction(ActionQueue.java:293)
	at org.hibernate.engine.spi.ActionQueue.addInsertAction(ActionQueue.java:274)
	at org.hibernate.engine.spi.ActionQueue.addAction(ActionQueue.java:324)
	at org.hibernate.event.internal.AbstractSaveEventListener.addInsertAction(AbstractSaveEventListener.java:394)
	at org.hibernate.event.internal.AbstractSaveEventListener.performSaveOrReplicate(AbstractSaveEventListener.java:308)
	at org.hibernate.event.internal.AbstractSaveEventListener.performSave(AbstractSaveEventListener.java:224)
	at org.hibernate.event.internal.AbstractSaveEventListener.saveWithGeneratedId(AbstractSaveEventListener.java:136)
	at org.hibernate.event.internal.DefaultPersistEventListener.entityIsTransient(DefaultPersistEventListener.java:177)
	at org.hibernate.event.internal.DefaultPersistEventListener.persist(DefaultPersistEventListener.java:95)
	at org.hibernate.event.internal.DefaultPersistEventListener.onPersist(DefaultPersistEventListener.java:79)
	at org.hibernate.event.internal.DefaultPersistEventListener.onPersist(DefaultPersistEventListener.java:55)
	at org.hibernate.event.service.internal.EventListenerGroupImpl.fireEventOnEachListener(EventListenerGroupImpl.java:127)
	at org.hibernate.internal.SessionImpl.firePersist(SessionImpl.java:761)
	at org.hibernate.internal.SessionImpl.persist(SessionImpl.java:745)
	at java.base/jdk.internal.reflect.DirectMethodHandleAccessor.invoke(DirectMethodHandleAccessor.java:104)
	at java.base/java.lang.reflect.Method.invoke(Method.java:565)
	at org.springframework.orm.jpa.ExtendedEntityManagerCreator$ExtendedEntityManagerInvocationHandler.invoke(ExtendedEntityManagerCreator.java:364)
	at jdk.proxy2/jdk.proxy2.$Proxy168.persist(Unknown Source)
	at java.base/jdk.internal.reflect.DirectMethodHandleAccessor.invoke(DirectMethodHandleAccessor.java:104)
	at java.base/java.lang.reflect.Method.invoke(Method.java:565)
	at org.springframework.orm.jpa.SharedEntityManagerCreator$SharedEntityManagerInvocationHandler.invoke(SharedEntityManagerCreator.java:320)
	at jdk.proxy2/jdk.proxy2.$Proxy168.persist(Unknown Source)
	at org.springframework.data.jpa.repository.support.SimpleJpaRepository.save(SimpleJpaRepository.java:654)
	at java.base/jdk.internal.reflect.DirectMethodHandleAccessor.invoke(DirectMethodHandleAccessor.java:104)
	at java.base/java.lang.reflect.Method.invoke(Method.java:565)
	at org.springframework.aop.support.AopUtils.invokeJoinpointUsingReflection(AopUtils.java:360)
	at org.springframework.data.repository.core.support.RepositoryMethodInvoker$RepositoryFragmentMethodInvoker.lambda$new$0(RepositoryMethodInvoker.java:277)
	at org.springframework.data.repository.core.support.RepositoryMethodInvoker.doInvoke(RepositoryMethodInvoker.java:170)
	at org.springframework.data.repository.core.support.RepositoryMethodInvoker.invoke(RepositoryMethodInvoker.java:158)
	at org.springframework.data.repository.core.support.RepositoryComposition$RepositoryFragments.invoke(RepositoryComposition.java:515)
	at org.springframework.data.repository.core.support.RepositoryComposition.invoke(RepositoryComposition.java:284)
	at org.springframework.data.repository.core.support.RepositoryFactorySupport$ImplementationMethodExecutionInterceptor.invoke(RepositoryFactorySupport.java:734)
	at org.springframework.aop.framework.ReflectiveMethodInvocation.proceed(ReflectiveMethodInvocation.java:184)
	at org.springframework.data.repository.core.support.QueryExecutorMethodInterceptor.doInvoke(QueryExecutorMethodInterceptor.java:174)
	at org.springframework.data.repository.core.support.QueryExecutorMethodInterceptor.invoke(QueryExecutorMethodInterceptor.java:149)
	at org.springframework.aop.framework.ReflectiveMethodInvocation.proceed(ReflectiveMethodInvocation.java:184)
	at org.springframework.data.projection.DefaultMethodInvokingMethodInterceptor.invoke(DefaultMethodInvokingMethodInterceptor.java:69)
	at org.springframework.aop.framework.ReflectiveMethodInvocation.proceed(ReflectiveMethodInvocation.java:184)
	at org.springframework.transaction.interceptor.TransactionAspectSupport.invokeWithinTransaction(TransactionAspectSupport.java:380)
	at org.springframework.transaction.interceptor.TransactionInterceptor.invoke(TransactionInterceptor.java:119)
	at org.springframework.aop.framework.ReflectiveMethodInvocation.proceed(ReflectiveMethodInvocation.java:184)
	at org.springframework.dao.support.PersistenceExceptionTranslationInterceptor.invoke(PersistenceExceptionTranslationInterceptor.java:138)
	... 149 common frames omitted
Caused by: org.postgresql.util.PSQLException: ERROR: null value in column "session_id" of relation "chat_histories" violates not-null constraint
  详细：Failing row contains (11, 哈利·波特是《哈利·波特》系列书籍的主人公，..., [{"id": 3644, "content": "  「你知道刚才在⻋站上..., 2025-09-28 15:27:05.048706, 7502, null, null, 哈利波特是谁？, 6, 7).
	at org.postgresql.core.v3.QueryExecutorImpl.receiveErrorResponse(QueryExecutorImpl.java:2734)
	at org.postgresql.core.v3.QueryExecutorImpl.processResults(QueryExecutorImpl.java:2421)
	at org.postgresql.core.v3.QueryExecutorImpl.execute(QueryExecutorImpl.java:372)
	at org.postgresql.jdbc.PgStatement.executeInternal(PgStatement.java:518)
	at org.postgresql.jdbc.PgStatement.execute(PgStatement.java:435)
	at org.postgresql.jdbc.PgPreparedStatement.executeWithFlags(PgPreparedStatement.java:196)
	at org.postgresql.jdbc.PgPreparedStatement.executeUpdate(PgPreparedStatement.java:157)
	at com.zaxxer.hikari.pool.ProxyPreparedStatement.executeUpdate(ProxyPreparedStatement.java:61)
	at com.zaxxer.hikari.pool.HikariProxyPreparedStatement.executeUpdate(HikariProxyPreparedStatement.java)
	at org.hibernate.engine.jdbc.internal.ResultSetReturnImpl.executeUpdate(ResultSetReturnImpl.java:194)
	... 199 common frames omitted
2025-09-28 15:27:05 [http-nio-8080-exec-5] INFO  c.example.ragone.service.RagService - 用户 hello 在知识库 哈里波特 中提问: 哈利波特是谁？ (会话: null)
2025-09-28 15:27:14 [http-nio-8080-exec-6] DEBUG o.s.security.web.FilterChainProxy - Securing GET /api/characters
2025-09-28 15:27:14 [http-nio-8080-exec-7] DEBUG o.s.security.web.FilterChainProxy - Securing GET /api/knowledge-bases
2025-09-28 15:27:14 [http-nio-8080-exec-6] DEBUG c.e.r.s.JwtAuthenticationFilter - Processing request: GET /api/characters, JWT token present: true
2025-09-28 15:27:14 [http-nio-8080-exec-6] DEBUG c.e.r.s.JwtAuthenticationFilter - JWT token found: eyJhbGciOiJIUzI1NiJ9...
2025-09-28 15:27:14 [http-nio-8080-exec-7] DEBUG c.e.r.s.JwtAuthenticationFilter - Processing request: GET /api/knowledge-bases, JWT token present: true
2025-09-28 15:27:14 [http-nio-8080-exec-7] DEBUG c.e.r.s.JwtAuthenticationFilter - JWT token found: eyJhbGciOiJIUzI1NiJ9...
2025-09-28 15:27:14 [http-nio-8080-exec-6] DEBUG c.e.r.s.JwtAuthenticationFilter - JWT token is valid for user: hello
2025-09-28 15:27:14 [http-nio-8080-exec-7] DEBUG c.e.r.s.JwtAuthenticationFilter - JWT token is valid for user: hello
2025-09-28 15:27:14 [http-nio-8080-exec-6] DEBUG c.e.r.s.JwtAuthenticationFilter - User hello authenticated successfully
2025-09-28 15:27:14 [http-nio-8080-exec-6] DEBUG o.s.security.web.FilterChainProxy - Secured GET /api/characters
2025-09-28 15:27:14 [http-nio-8080-exec-7] DEBUG c.e.r.s.JwtAuthenticationFilter - User hello authenticated successfully
2025-09-28 15:27:14 [http-nio-8080-exec-7] DEBUG o.s.security.web.FilterChainProxy - Secured GET /api/knowledge-bases
2025-09-28 15:27:14 [http-nio-8080-exec-8] DEBUG o.s.security.web.FilterChainProxy - Securing GET /api/knowledge-bases
2025-09-28 15:27:14 [http-nio-8080-exec-8] DEBUG c.e.r.s.JwtAuthenticationFilter - Processing request: GET /api/knowledge-bases, JWT token present: true
2025-09-28 15:27:14 [http-nio-8080-exec-8] DEBUG c.e.r.s.JwtAuthenticationFilter - JWT token found: eyJhbGciOiJIUzI1NiJ9...
2025-09-28 15:27:14 [http-nio-8080-exec-8] DEBUG c.e.r.s.JwtAuthenticationFilter - JWT token is valid for user: hello
2025-09-28 15:27:14 [http-nio-8080-exec-8] DEBUG c.e.r.s.JwtAuthenticationFilter - User hello authenticated successfully
2025-09-28 15:27:14 [http-nio-8080-exec-8] DEBUG o.s.security.web.FilterChainProxy - Secured GET /api/knowledge-bases
2025-09-28 15:27:14 [http-nio-8080-exec-9] DEBUG o.s.security.web.FilterChainProxy - Securing GET /api/characters
2025-09-28 15:27:14 [http-nio-8080-exec-9] DEBUG c.e.r.s.JwtAuthenticationFilter - Processing request: GET /api/characters, JWT token present: true
2025-09-28 15:27:14 [http-nio-8080-exec-9] DEBUG c.e.r.s.JwtAuthenticationFilter - JWT token found: eyJhbGciOiJIUzI1NiJ9...
2025-09-28 15:27:14 [http-nio-8080-exec-9] DEBUG c.e.r.s.JwtAuthenticationFilter - JWT token is valid for user: hello
2025-09-28 15:27:14 [http-nio-8080-exec-9] DEBUG c.e.r.s.JwtAuthenticationFilter - User hello authenticated successfully
2025-09-28 15:27:14 [http-nio-8080-exec-9] DEBUG o.s.security.web.FilterChainProxy - Secured GET /api/characters
2025-09-28 15:27:15 [http-nio-8080-exec-10] DEBUG o.s.security.web.FilterChainProxy - Securing GET /api/characters
2025-09-28 15:27:15 [http-nio-8080-exec-10] DEBUG c.e.r.s.JwtAuthenticationFilter - Processing request: GET /api/characters, JWT token present: true
2025-09-28 15:27:15 [http-nio-8080-exec-10] DEBUG c.e.r.s.JwtAuthenticationFilter - JWT token found: eyJhbGciOiJIUzI1NiJ9...
2025-09-28 15:27:15 [http-nio-8080-exec-10] DEBUG c.e.r.s.JwtAuthenticationFilter - JWT token is valid for user: hello
2025-09-28 15:27:15 [http-nio-8080-exec-10] DEBUG c.e.r.s.JwtAuthenticationFilter - User hello authenticated successfully
2025-09-28 15:27:15 [http-nio-8080-exec-10] DEBUG o.s.security.web.FilterChainProxy - Secured GET /api/characters
2025-09-28 15:27:15 [http-nio-8080-exec-1] DEBUG o.s.security.web.FilterChainProxy - Securing GET /api/characters
2025-09-28 15:27:15 [http-nio-8080-exec-1] DEBUG c.e.r.s.JwtAuthenticationFilter - Processing request: GET /api/characters, JWT token present: true
2025-09-28 15:27:15 [http-nio-8080-exec-1] DEBUG c.e.r.s.JwtAuthenticationFilter - JWT token found: eyJhbGciOiJIUzI1NiJ9...
2025-09-28 15:27:15 [http-nio-8080-exec-1] DEBUG c.e.r.s.JwtAuthenticationFilter - JWT token is valid for user: hello
2025-09-28 15:27:15 [http-nio-8080-exec-1] DEBUG c.e.r.s.JwtAuthenticationFilter - User hello authenticated successfully
2025-09-28 15:27:15 [http-nio-8080-exec-1] DEBUG o.s.security.web.FilterChainProxy - Secured GET /api/characters
2025-09-28 15:27:16 [http-nio-8080-exec-4] DEBUG o.s.security.web.FilterChainProxy - Securing GET /api/knowledge-bases
2025-09-28 15:27:16 [http-nio-8080-exec-2] DEBUG o.s.security.web.FilterChainProxy - Securing GET /api/characters
2025-09-28 15:27:16 [http-nio-8080-exec-2] DEBUG c.e.r.s.JwtAuthenticationFilter - Processing request: GET /api/characters, JWT token present: true
2025-09-28 15:27:16 [http-nio-8080-exec-2] DEBUG c.e.r.s.JwtAuthenticationFilter - JWT token found: eyJhbGciOiJIUzI1NiJ9...
2025-09-28 15:27:16 [http-nio-8080-exec-4] DEBUG c.e.r.s.JwtAuthenticationFilter - Processing request: GET /api/knowledge-bases, JWT token present: true
2025-09-28 15:27:16 [http-nio-8080-exec-4] DEBUG c.e.r.s.JwtAuthenticationFilter - JWT token found: eyJhbGciOiJIUzI1NiJ9...
2025-09-28 15:27:16 [http-nio-8080-exec-2] DEBUG c.e.r.s.JwtAuthenticationFilter - JWT token is valid for user: hello
2025-09-28 15:27:16 [http-nio-8080-exec-4] DEBUG c.e.r.s.JwtAuthenticationFilter - JWT token is valid for user: hello
2025-09-28 15:27:16 [http-nio-8080-exec-4] DEBUG c.e.r.s.JwtAuthenticationFilter - User hello authenticated successfully
2025-09-28 15:27:16 [http-nio-8080-exec-2] DEBUG c.e.r.s.JwtAuthenticationFilter - User hello authenticated successfully
2025-09-28 15:27:16 [http-nio-8080-exec-4] DEBUG o.s.security.web.FilterChainProxy - Secured GET /api/knowledge-bases
2025-09-28 15:27:16 [http-nio-8080-exec-2] DEBUG o.s.security.web.FilterChainProxy - Secured GET /api/characters
2025-09-28 15:27:16 [http-nio-8080-exec-5] DEBUG o.s.security.web.FilterChainProxy - Securing GET /api/knowledge-bases
2025-09-28 15:27:16 [http-nio-8080-exec-3] DEBUG o.s.security.web.FilterChainProxy - Securing GET /api/characters
2025-09-28 15:27:16 [http-nio-8080-exec-5] DEBUG c.e.r.s.JwtAuthenticationFilter - Processing request: GET /api/knowledge-bases, JWT token present: true
2025-09-28 15:27:16 [http-nio-8080-exec-3] DEBUG c.e.r.s.JwtAuthenticationFilter - Processing request: GET /api/characters, JWT token present: true
2025-09-28 15:27:16 [http-nio-8080-exec-5] DEBUG c.e.r.s.JwtAuthenticationFilter - JWT token found: eyJhbGciOiJIUzI1NiJ9...
2025-09-28 15:27:16 [http-nio-8080-exec-3] DEBUG c.e.r.s.JwtAuthenticationFilter - JWT token found: eyJhbGciOiJIUzI1NiJ9...
2025-09-28 15:27:16 [http-nio-8080-exec-5] DEBUG c.e.r.s.JwtAuthenticationFilter - JWT token is valid for user: hello
2025-09-28 15:27:16 [http-nio-8080-exec-3] DEBUG c.e.r.s.JwtAuthenticationFilter - JWT token is valid for user: hello
2025-09-28 15:27:16 [http-nio-8080-exec-5] DEBUG c.e.r.s.JwtAuthenticationFilter - User hello authenticated successfully
2025-09-28 15:27:16 [http-nio-8080-exec-5] DEBUG o.s.security.web.FilterChainProxy - Secured GET /api/knowledge-bases
2025-09-28 15:27:16 [http-nio-8080-exec-3] DEBUG c.e.r.s.JwtAuthenticationFilter - User hello authenticated successfully
2025-09-28 15:27:16 [http-nio-8080-exec-3] DEBUG o.s.security.web.FilterChainProxy - Secured GET /api/characters
2025-09-28 15:27:44 [http-nio-8080-exec-7] DEBUG o.s.security.web.FilterChainProxy - Securing OPTIONS /api/characters
2025-09-28 15:27:44 [http-nio-8080-exec-8] DEBUG o.s.security.web.FilterChainProxy - Securing POST /api/characters
2025-09-28 15:27:44 [http-nio-8080-exec-8] DEBUG c.e.r.s.JwtAuthenticationFilter - Processing request: POST /api/characters, JWT token present: true
2025-09-28 15:27:44 [http-nio-8080-exec-8] DEBUG c.e.r.s.JwtAuthenticationFilter - JWT token found: eyJhbGciOiJIUzI1NiJ9...
2025-09-28 15:27:44 [http-nio-8080-exec-8] DEBUG c.e.r.s.JwtAuthenticationFilter - JWT token is valid for user: hello
2025-09-28 15:27:44 [http-nio-8080-exec-8] DEBUG c.e.r.s.JwtAuthenticationFilter - User hello authenticated successfully
2025-09-28 15:27:44 [http-nio-8080-exec-8] DEBUG o.s.security.web.FilterChainProxy - Secured POST /api/characters
2025-09-28 15:27:44 [http-nio-8080-exec-8] INFO  c.e.ragone.service.CharacterService - Creating character for user: hello, name: 哈里波特
2025-09-28 15:27:45 [http-nio-8080-exec-8] INFO  c.e.ragone.service.CharacterService - Character created successfully with ID: 23
2025-09-28 15:27:45 [http-nio-8080-exec-8] INFO  c.e.r.s.CharacterProfileService - Starting async profile generation for character: 23
2025-09-28 15:27:45 [http-nio-8080-exec-8] INFO  c.e.r.s.CharacterProfileService - Generating profile for character: 23
2025-09-28 15:27:45 [http-nio-8080-exec-8] DEBUG c.e.r.s.CharacterProfileService - Retrieving relevant content for character: 23
2025-09-28 15:27:45 [http-nio-8080-exec-8] INFO  c.e.r.service.HybridRetrievalService - 混合检索完成 - 向量结果: 5, 关键词结果: 0, 融合结果: 5
2025-09-28 15:27:45 [http-nio-8080-exec-8] INFO  c.e.r.service.HybridRetrievalService - 混合检索完成 - 向量结果: 5, 关键词结果: 0, 融合结果: 5
2025-09-28 15:27:45 [http-nio-8080-exec-8] INFO  c.e.r.service.HybridRetrievalService - 混合检索完成 - 向量结果: 5, 关键词结果: 0, 融合结果: 5
2025-09-28 15:27:45 [http-nio-8080-exec-8] INFO  c.e.r.service.HybridRetrievalService - 混合检索完成 - 向量结果: 5, 关键词结果: 0, 融合结果: 5
2025-09-28 15:27:45 [http-nio-8080-exec-8] INFO  c.e.r.service.HybridRetrievalService - 混合检索完成 - 向量结果: 5, 关键词结果: 0, 融合结果: 5
2025-09-28 15:27:45 [http-nio-8080-exec-8] INFO  c.e.r.service.HybridRetrievalService - 混合检索完成 - 向量结果: 5, 关键词结果: 0, 融合结果: 5
2025-09-28 15:27:45 [http-nio-8080-exec-8] DEBUG c.e.r.s.CharacterProfileService - Retrieved 25 unique chunks for character: 23
2025-09-28 15:27:45 [http-nio-8080-exec-8] DEBUG c.e.r.s.CharacterProfileService - Generating profile content for character: 23
2025-09-28 15:28:01 [http-nio-8080-exec-6] DEBUG o.s.security.web.FilterChainProxy - Securing GET /api/auth/me
2025-09-28 15:28:01 [http-nio-8080-exec-6] DEBUG c.e.r.s.JwtAuthenticationFilter - Processing request: GET /api/auth/me, JWT token present: true
2025-09-28 15:28:01 [http-nio-8080-exec-6] DEBUG c.e.r.s.JwtAuthenticationFilter - JWT token found: eyJhbGciOiJIUzI1NiJ9...
2025-09-28 15:28:01 [http-nio-8080-exec-6] DEBUG c.e.r.s.JwtAuthenticationFilter - JWT token is valid for user: hello
2025-09-28 15:28:01 [http-nio-8080-exec-6] DEBUG c.e.r.s.JwtAuthenticationFilter - User hello authenticated successfully
2025-09-28 15:28:01 [http-nio-8080-exec-6] DEBUG o.s.security.web.FilterChainProxy - Secured GET /api/auth/me
2025-09-28 15:28:01 [http-nio-8080-exec-9] DEBUG o.s.security.web.FilterChainProxy - Securing GET /api/auth/me
2025-09-28 15:28:01 [http-nio-8080-exec-9] DEBUG c.e.r.s.JwtAuthenticationFilter - Processing request: GET /api/auth/me, JWT token present: true
2025-09-28 15:28:01 [http-nio-8080-exec-9] DEBUG c.e.r.s.JwtAuthenticationFilter - JWT token found: eyJhbGciOiJIUzI1NiJ9...
2025-09-28 15:28:01 [http-nio-8080-exec-9] DEBUG c.e.r.s.JwtAuthenticationFilter - JWT token is valid for user: hello
2025-09-28 15:28:01 [http-nio-8080-exec-9] DEBUG c.e.r.s.JwtAuthenticationFilter - User hello authenticated successfully
2025-09-28 15:28:01 [http-nio-8080-exec-9] DEBUG o.s.security.web.FilterChainProxy - Secured GET /api/auth/me
2025-09-28 15:28:01 [http-nio-8080-exec-1] DEBUG o.s.security.web.FilterChainProxy - Securing GET /api/knowledge-bases
2025-09-28 15:28:01 [http-nio-8080-exec-10] DEBUG o.s.security.web.FilterChainProxy - Securing GET /api/characters
2025-09-28 15:28:01 [http-nio-8080-exec-1] DEBUG c.e.r.s.JwtAuthenticationFilter - Processing request: GET /api/knowledge-bases, JWT token present: true
2025-09-28 15:28:01 [http-nio-8080-exec-10] DEBUG c.e.r.s.JwtAuthenticationFilter - Processing request: GET /api/characters, JWT token present: true
2025-09-28 15:28:01 [http-nio-8080-exec-1] DEBUG c.e.r.s.JwtAuthenticationFilter - JWT token found: eyJhbGciOiJIUzI1NiJ9...
2025-09-28 15:28:01 [http-nio-8080-exec-10] DEBUG c.e.r.s.JwtAuthenticationFilter - JWT token found: eyJhbGciOiJIUzI1NiJ9...
2025-09-28 15:28:01 [http-nio-8080-exec-1] DEBUG c.e.r.s.JwtAuthenticationFilter - JWT token is valid for user: hello
2025-09-28 15:28:01 [http-nio-8080-exec-10] DEBUG c.e.r.s.JwtAuthenticationFilter - JWT token is valid for user: hello
2025-09-28 15:28:01 [http-nio-8080-exec-1] DEBUG c.e.r.s.JwtAuthenticationFilter - User hello authenticated successfully
2025-09-28 15:28:01 [http-nio-8080-exec-1] DEBUG o.s.security.web.FilterChainProxy - Secured GET /api/knowledge-bases
2025-09-28 15:28:01 [http-nio-8080-exec-10] DEBUG c.e.r.s.JwtAuthenticationFilter - User hello authenticated successfully
2025-09-28 15:28:01 [http-nio-8080-exec-10] DEBUG o.s.security.web.FilterChainProxy - Secured GET /api/characters
2025-09-28 15:28:01 [http-nio-8080-exec-4] DEBUG o.s.security.web.FilterChainProxy - Securing GET /api/knowledge-bases
2025-09-28 15:28:01 [http-nio-8080-exec-2] DEBUG o.s.security.web.FilterChainProxy - Securing GET /api/characters
2025-09-28 15:28:01 [http-nio-8080-exec-4] DEBUG c.e.r.s.JwtAuthenticationFilter - Processing request: GET /api/knowledge-bases, JWT token present: true
2025-09-28 15:28:01 [http-nio-8080-exec-4] DEBUG c.e.r.s.JwtAuthenticationFilter - JWT token found: eyJhbGciOiJIUzI1NiJ9...
2025-09-28 15:28:01 [http-nio-8080-exec-2] DEBUG c.e.r.s.JwtAuthenticationFilter - Processing request: GET /api/characters, JWT token present: true
2025-09-28 15:28:01 [http-nio-8080-exec-2] DEBUG c.e.r.s.JwtAuthenticationFilter - JWT token found: eyJhbGciOiJIUzI1NiJ9...
2025-09-28 15:28:01 [http-nio-8080-exec-4] DEBUG c.e.r.s.JwtAuthenticationFilter - JWT token is valid for user: hello
2025-09-28 15:28:01 [http-nio-8080-exec-2] DEBUG c.e.r.s.JwtAuthenticationFilter - JWT token is valid for user: hello
2025-09-28 15:28:01 [http-nio-8080-exec-4] DEBUG c.e.r.s.JwtAuthenticationFilter - User hello authenticated successfully
2025-09-28 15:28:01 [http-nio-8080-exec-4] DEBUG o.s.security.web.FilterChainProxy - Secured GET /api/knowledge-bases
2025-09-28 15:28:01 [http-nio-8080-exec-2] DEBUG c.e.r.s.JwtAuthenticationFilter - User hello authenticated successfully
2025-09-28 15:28:01 [http-nio-8080-exec-2] DEBUG o.s.security.web.FilterChainProxy - Secured GET /api/characters
2025-09-28 15:28:03 [http-nio-8080-exec-5] DEBUG o.s.security.web.FilterChainProxy - Securing GET /api/auth/me
2025-09-28 15:28:03 [http-nio-8080-exec-5] DEBUG c.e.r.s.JwtAuthenticationFilter - Processing request: GET /api/auth/me, JWT token present: true
2025-09-28 15:28:03 [http-nio-8080-exec-5] DEBUG c.e.r.s.JwtAuthenticationFilter - JWT token found: eyJhbGciOiJIUzI1NiJ9...
2025-09-28 15:28:03 [http-nio-8080-exec-5] DEBUG c.e.r.s.JwtAuthenticationFilter - JWT token is valid for user: hello
2025-09-28 15:28:03 [http-nio-8080-exec-5] DEBUG c.e.r.s.JwtAuthenticationFilter - User hello authenticated successfully
2025-09-28 15:28:03 [http-nio-8080-exec-5] DEBUG o.s.security.web.FilterChainProxy - Secured GET /api/auth/me
2025-09-28 15:28:03 [http-nio-8080-exec-3] DEBUG o.s.security.web.FilterChainProxy - Securing GET /api/auth/me
2025-09-28 15:28:03 [http-nio-8080-exec-3] DEBUG c.e.r.s.JwtAuthenticationFilter - Processing request: GET /api/auth/me, JWT token present: true
2025-09-28 15:28:03 [http-nio-8080-exec-3] DEBUG c.e.r.s.JwtAuthenticationFilter - JWT token found: eyJhbGciOiJIUzI1NiJ9...
2025-09-28 15:28:03 [http-nio-8080-exec-3] DEBUG c.e.r.s.JwtAuthenticationFilter - JWT token is valid for user: hello
2025-09-28 15:28:03 [http-nio-8080-exec-3] DEBUG c.e.r.s.JwtAuthenticationFilter - User hello authenticated successfully
2025-09-28 15:28:03 [http-nio-8080-exec-3] DEBUG o.s.security.web.FilterChainProxy - Secured GET /api/auth/me
2025-09-28 15:28:03 [http-nio-8080-exec-7] DEBUG o.s.security.web.FilterChainProxy - Securing GET /api/characters
2025-09-28 15:28:03 [http-nio-8080-exec-6] DEBUG o.s.security.web.FilterChainProxy - Securing GET /api/knowledge-bases
2025-09-28 15:28:03 [http-nio-8080-exec-7] DEBUG c.e.r.s.JwtAuthenticationFilter - Processing request: GET /api/characters, JWT token present: true
2025-09-28 15:28:03 [http-nio-8080-exec-7] DEBUG c.e.r.s.JwtAuthenticationFilter - JWT token found: eyJhbGciOiJIUzI1NiJ9...
2025-09-28 15:28:03 [http-nio-8080-exec-6] DEBUG c.e.r.s.JwtAuthenticationFilter - Processing request: GET /api/knowledge-bases, JWT token present: true
2025-09-28 15:28:03 [http-nio-8080-exec-6] DEBUG c.e.r.s.JwtAuthenticationFilter - JWT token found: eyJhbGciOiJIUzI1NiJ9...
2025-09-28 15:28:03 [http-nio-8080-exec-7] DEBUG c.e.r.s.JwtAuthenticationFilter - JWT token is valid for user: hello
2025-09-28 15:28:03 [http-nio-8080-exec-6] DEBUG c.e.r.s.JwtAuthenticationFilter - JWT token is valid for user: hello
2025-09-28 15:28:03 [http-nio-8080-exec-7] DEBUG c.e.r.s.JwtAuthenticationFilter - User hello authenticated successfully
2025-09-28 15:28:03 [http-nio-8080-exec-7] DEBUG o.s.security.web.FilterChainProxy - Secured GET /api/characters
2025-09-28 15:28:03 [http-nio-8080-exec-6] DEBUG c.e.r.s.JwtAuthenticationFilter - User hello authenticated successfully
2025-09-28 15:28:03 [http-nio-8080-exec-6] DEBUG o.s.security.web.FilterChainProxy - Secured GET /api/knowledge-bases
2025-09-28 15:28:03 [http-nio-8080-exec-9] DEBUG o.s.security.web.FilterChainProxy - Securing GET /api/characters
2025-09-28 15:28:03 [http-nio-8080-exec-9] DEBUG c.e.r.s.JwtAuthenticationFilter - Processing request: GET /api/characters, JWT token present: true
2025-09-28 15:28:03 [http-nio-8080-exec-9] DEBUG c.e.r.s.JwtAuthenticationFilter - JWT token found: eyJhbGciOiJIUzI1NiJ9...
2025-09-28 15:28:03 [http-nio-8080-exec-9] DEBUG c.e.r.s.JwtAuthenticationFilter - JWT token is valid for user: hello
2025-09-28 15:28:03 [http-nio-8080-exec-10] DEBUG o.s.security.web.FilterChainProxy - Securing GET /api/knowledge-bases
2025-09-28 15:28:03 [http-nio-8080-exec-10] DEBUG c.e.r.s.JwtAuthenticationFilter - Processing request: GET /api/knowledge-bases, JWT token present: true
2025-09-28 15:28:03 [http-nio-8080-exec-10] DEBUG c.e.r.s.JwtAuthenticationFilter - JWT token found: eyJhbGciOiJIUzI1NiJ9...
2025-09-28 15:28:03 [http-nio-8080-exec-10] DEBUG c.e.r.s.JwtAuthenticationFilter - JWT token is valid for user: hello
2025-09-28 15:28:03 [http-nio-8080-exec-9] DEBUG c.e.r.s.JwtAuthenticationFilter - User hello authenticated successfully
2025-09-28 15:28:03 [http-nio-8080-exec-9] DEBUG o.s.security.web.FilterChainProxy - Secured GET /api/characters
2025-09-28 15:28:03 [http-nio-8080-exec-10] DEBUG c.e.r.s.JwtAuthenticationFilter - User hello authenticated successfully
2025-09-28 15:28:03 [http-nio-8080-exec-10] DEBUG o.s.security.web.FilterChainProxy - Secured GET /api/knowledge-bases
2025-09-28 15:28:03 [http-nio-8080-exec-1] DEBUG o.s.security.web.FilterChainProxy - Securing GET /api/characters
2025-09-28 15:28:03 [http-nio-8080-exec-1] DEBUG c.e.r.s.JwtAuthenticationFilter - Processing request: GET /api/characters, JWT token present: true
2025-09-28 15:28:03 [http-nio-8080-exec-1] DEBUG c.e.r.s.JwtAuthenticationFilter - JWT token found: eyJhbGciOiJIUzI1NiJ9...
2025-09-28 15:28:03 [http-nio-8080-exec-1] DEBUG c.e.r.s.JwtAuthenticationFilter - JWT token is valid for user: hello
2025-09-28 15:28:03 [http-nio-8080-exec-1] DEBUG c.e.r.s.JwtAuthenticationFilter - User hello authenticated successfully
2025-09-28 15:28:03 [http-nio-8080-exec-1] DEBUG o.s.security.web.FilterChainProxy - Secured GET /api/characters
2025-09-28 15:28:15 [http-nio-8080-exec-4] DEBUG o.s.security.web.FilterChainProxy - Securing GET /api/characters
2025-09-28 15:28:15 [http-nio-8080-exec-4] DEBUG c.e.r.s.JwtAuthenticationFilter - Processing request: GET /api/characters, JWT token present: true
2025-09-28 15:28:15 [http-nio-8080-exec-4] DEBUG c.e.r.s.JwtAuthenticationFilter - JWT token found: eyJhbGciOiJIUzI1NiJ9...
2025-09-28 15:28:15 [http-nio-8080-exec-4] DEBUG c.e.r.s.JwtAuthenticationFilter - JWT token is valid for user: hello
2025-09-28 15:28:15 [http-nio-8080-exec-4] DEBUG c.e.r.s.JwtAuthenticationFilter - User hello authenticated successfully
2025-09-28 15:28:15 [http-nio-8080-exec-4] DEBUG o.s.security.web.FilterChainProxy - Secured GET /api/characters
2025-09-28 15:28:17 [http-nio-8080-exec-8] INFO  c.e.r.s.CharacterProfileService - Profile generated successfully for character: 23
2025-09-28 15:29:01 [http-nio-8080-exec-2] DEBUG o.s.security.web.FilterChainProxy - Securing GET /api/characters
2025-09-28 15:29:01 [http-nio-8080-exec-2] DEBUG c.e.r.s.JwtAuthenticationFilter - Processing request: GET /api/characters, JWT token present: true
2025-09-28 15:29:01 [http-nio-8080-exec-2] DEBUG c.e.r.s.JwtAuthenticationFilter - JWT token found: eyJhbGciOiJIUzI1NiJ9...
2025-09-28 15:29:01 [http-nio-8080-exec-2] DEBUG c.e.r.s.JwtAuthenticationFilter - JWT token is valid for user: hello
2025-09-28 15:29:01 [http-nio-8080-exec-2] DEBUG c.e.r.s.JwtAuthenticationFilter - User hello authenticated successfully
2025-09-28 15:29:01 [http-nio-8080-exec-2] DEBUG o.s.security.web.FilterChainProxy - Secured GET /api/characters
2025-09-28 15:29:03 [http-nio-8080-exec-6] DEBUG o.s.security.web.FilterChainProxy - Securing OPTIONS /api/characters/23/toggle-status
2025-09-28 15:29:03 [http-nio-8080-exec-9] DEBUG o.s.security.web.FilterChainProxy - Securing PATCH /api/characters/23/toggle-status
2025-09-28 15:29:03 [http-nio-8080-exec-9] DEBUG c.e.r.s.JwtAuthenticationFilter - Processing request: PATCH /api/characters/23/toggle-status, JWT token present: true
2025-09-28 15:29:03 [http-nio-8080-exec-9] DEBUG c.e.r.s.JwtAuthenticationFilter - JWT token found: eyJhbGciOiJIUzI1NiJ9...
2025-09-28 15:29:03 [http-nio-8080-exec-9] DEBUG c.e.r.s.JwtAuthenticationFilter - JWT token is valid for user: hello
2025-09-28 15:29:03 [http-nio-8080-exec-9] DEBUG c.e.r.s.JwtAuthenticationFilter - User hello authenticated successfully
2025-09-28 15:29:03 [http-nio-8080-exec-9] DEBUG o.s.security.web.FilterChainProxy - Secured PATCH /api/characters/23/toggle-status
2025-09-28 15:29:03 [http-nio-8080-exec-9] INFO  c.e.ragone.service.CharacterService - Activating character ID: 23 for user: hello
2025-09-28 15:29:03 [http-nio-8080-exec-9] INFO  c.e.ragone.service.CharacterService - Character status transition: DRAFT -> ACTIVE for character ID: 23
2025-09-28 15:29:03 [http-nio-8080-exec-9] INFO  c.e.ragone.service.CharacterService - Character activated successfully: 23 (from DRAFT to ACTIVE)
2025-09-28 15:29:03 [http-nio-8080-exec-10] DEBUG o.s.security.web.FilterChainProxy - Securing GET /api/characters
2025-09-28 15:29:03 [http-nio-8080-exec-10] DEBUG c.e.r.s.JwtAuthenticationFilter - Processing request: GET /api/characters, JWT token present: true
2025-09-28 15:29:03 [http-nio-8080-exec-10] DEBUG c.e.r.s.JwtAuthenticationFilter - JWT token found: eyJhbGciOiJIUzI1NiJ9...
2025-09-28 15:29:03 [http-nio-8080-exec-10] DEBUG c.e.r.s.JwtAuthenticationFilter - JWT token is valid for user: hello
2025-09-28 15:29:03 [http-nio-8080-exec-10] DEBUG c.e.r.s.JwtAuthenticationFilter - User hello authenticated successfully
2025-09-28 15:29:03 [http-nio-8080-exec-10] DEBUG o.s.security.web.FilterChainProxy - Secured GET /api/characters
2025-09-28 15:29:05 [http-nio-8080-exec-1] DEBUG o.s.security.web.FilterChainProxy - Securing GET /api/characters
2025-09-28 15:29:05 [http-nio-8080-exec-1] DEBUG c.e.r.s.JwtAuthenticationFilter - Processing request: GET /api/characters, JWT token present: true
2025-09-28 15:29:05 [http-nio-8080-exec-1] DEBUG c.e.r.s.JwtAuthenticationFilter - JWT token found: eyJhbGciOiJIUzI1NiJ9...
2025-09-28 15:29:05 [http-nio-8080-exec-1] DEBUG c.e.r.s.JwtAuthenticationFilter - JWT token is valid for user: hello
2025-09-28 15:29:05 [http-nio-8080-exec-1] DEBUG c.e.r.s.JwtAuthenticationFilter - User hello authenticated successfully
2025-09-28 15:29:05 [http-nio-8080-exec-1] DEBUG o.s.security.web.FilterChainProxy - Secured GET /api/characters
2025-09-28 15:29:05 [http-nio-8080-exec-4] DEBUG o.s.security.web.FilterChainProxy - Securing GET /api/characters
2025-09-28 15:29:05 [http-nio-8080-exec-4] DEBUG c.e.r.s.JwtAuthenticationFilter - Processing request: GET /api/characters, JWT token present: true
2025-09-28 15:29:05 [http-nio-8080-exec-4] DEBUG c.e.r.s.JwtAuthenticationFilter - JWT token found: eyJhbGciOiJIUzI1NiJ9...
2025-09-28 15:29:05 [http-nio-8080-exec-4] DEBUG c.e.r.s.JwtAuthenticationFilter - JWT token is valid for user: hello
2025-09-28 15:29:05 [http-nio-8080-exec-4] DEBUG c.e.r.s.JwtAuthenticationFilter - User hello authenticated successfully
2025-09-28 15:29:05 [http-nio-8080-exec-4] DEBUG o.s.security.web.FilterChainProxy - Secured GET /api/characters
2025-09-28 15:29:07 [http-nio-8080-exec-8] DEBUG o.s.security.web.FilterChainProxy - Securing OPTIONS /api/roleplay/start
2025-09-28 15:29:07 [http-nio-8080-exec-2] DEBUG o.s.security.web.FilterChainProxy - Securing POST /api/roleplay/start
2025-09-28 15:29:07 [http-nio-8080-exec-2] DEBUG c.e.r.s.JwtAuthenticationFilter - Processing request: POST /api/roleplay/start, JWT token present: true
2025-09-28 15:29:07 [http-nio-8080-exec-2] DEBUG c.e.r.s.JwtAuthenticationFilter - JWT token found: eyJhbGciOiJIUzI1NiJ9...
2025-09-28 15:29:07 [http-nio-8080-exec-2] DEBUG c.e.r.s.JwtAuthenticationFilter - JWT token is valid for user: hello
2025-09-28 15:29:07 [http-nio-8080-exec-2] DEBUG c.e.r.s.JwtAuthenticationFilter - User hello authenticated successfully
2025-09-28 15:29:07 [http-nio-8080-exec-2] DEBUG o.s.security.web.FilterChainProxy - Secured POST /api/roleplay/start
2025-09-28 15:29:07 [http-nio-8080-exec-2] INFO  c.e.ragone.service.RolePlayService - Creating roleplay session for user: hello, character: 23
2025-09-28 15:29:07 [http-nio-8080-exec-2] INFO  c.e.ragone.service.RolePlayService - Roleplay session created: rp_1759044547102_adc12106
2025-09-28 15:29:07 [http-nio-8080-exec-5] DEBUG o.s.security.web.FilterChainProxy - Securing OPTIONS /api/characters/23
2025-09-28 15:29:07 [http-nio-8080-exec-3] DEBUG o.s.security.web.FilterChainProxy - Securing GET /api/characters/23
2025-09-28 15:29:07 [http-nio-8080-exec-3] DEBUG c.e.r.s.JwtAuthenticationFilter - Processing request: GET /api/characters/23, JWT token present: true
2025-09-28 15:29:07 [http-nio-8080-exec-3] DEBUG c.e.r.s.JwtAuthenticationFilter - JWT token found: eyJhbGciOiJIUzI1NiJ9...
2025-09-28 15:29:07 [http-nio-8080-exec-3] DEBUG c.e.r.s.JwtAuthenticationFilter - JWT token is valid for user: hello
2025-09-28 15:29:07 [http-nio-8080-exec-3] DEBUG c.e.r.s.JwtAuthenticationFilter - User hello authenticated successfully
2025-09-28 15:29:07 [http-nio-8080-exec-3] DEBUG o.s.security.web.FilterChainProxy - Secured GET /api/characters/23
2025-09-28 15:29:08 [http-nio-8080-exec-7] DEBUG o.s.security.web.FilterChainProxy - Securing POST /api/roleplay/start
2025-09-28 15:29:08 [http-nio-8080-exec-7] DEBUG c.e.r.s.JwtAuthenticationFilter - Processing request: POST /api/roleplay/start, JWT token present: true
2025-09-28 15:29:08 [http-nio-8080-exec-7] DEBUG c.e.r.s.JwtAuthenticationFilter - JWT token found: eyJhbGciOiJIUzI1NiJ9...
2025-09-28 15:29:08 [http-nio-8080-exec-7] DEBUG c.e.r.s.JwtAuthenticationFilter - JWT token is valid for user: hello
2025-09-28 15:29:08 [http-nio-8080-exec-7] DEBUG c.e.r.s.JwtAuthenticationFilter - User hello authenticated successfully
2025-09-28 15:29:08 [http-nio-8080-exec-7] DEBUG o.s.security.web.FilterChainProxy - Secured POST /api/roleplay/start
2025-09-28 15:29:08 [http-nio-8080-exec-7] INFO  c.e.ragone.service.RolePlayService - Creating roleplay session for user: hello, character: 23
2025-09-28 15:29:08 [http-nio-8080-exec-7] INFO  c.e.ragone.service.RolePlayService - Roleplay session created: rp_1759044548240_094d91d8
2025-09-28 15:29:22 [http-nio-8080-exec-6] DEBUG o.s.security.web.FilterChainProxy - Securing OPTIONS /api/roleplay/message
2025-09-28 15:29:22 [http-nio-8080-exec-9] DEBUG o.s.security.web.FilterChainProxy - Securing POST /api/roleplay/message
2025-09-28 15:29:22 [http-nio-8080-exec-9] DEBUG c.e.r.s.JwtAuthenticationFilter - Processing request: POST /api/roleplay/message, JWT token present: true
2025-09-28 15:29:22 [http-nio-8080-exec-9] DEBUG c.e.r.s.JwtAuthenticationFilter - JWT token found: eyJhbGciOiJIUzI1NiJ9...
2025-09-28 15:29:22 [http-nio-8080-exec-9] DEBUG c.e.r.s.JwtAuthenticationFilter - JWT token is valid for user: hello
2025-09-28 15:29:22 [http-nio-8080-exec-9] DEBUG c.e.r.s.JwtAuthenticationFilter - User hello authenticated successfully
2025-09-28 15:29:22 [http-nio-8080-exec-9] DEBUG o.s.security.web.FilterChainProxy - Secured POST /api/roleplay/message
2025-09-28 15:29:22 [http-nio-8080-exec-9] INFO  c.e.r.controller.RolePlayController - === 收到发送消息请求 ===
2025-09-28 15:29:22 [http-nio-8080-exec-9] INFO  c.e.r.controller.RolePlayController - 请求体: {sessionId=rp_1759044548240_094d91d8, message=你好，你能教会我什么是魔法吗？}
2025-09-28 15:29:22 [http-nio-8080-exec-9] INFO  c.e.r.controller.RolePlayController - 用户身份验证: hello
2025-09-28 15:29:22 [http-nio-8080-exec-9] INFO  c.e.r.controller.RolePlayController - 会话ID: rp_1759044548240_094d91d8, 消息: 你好，你能教会我什么是魔法吗？
2025-09-28 15:29:22 [http-nio-8080-exec-9] INFO  c.e.ragone.service.RolePlayService - Processing message for session: rp_1759044548240_094d91d8, user: hello
2025-09-28 15:29:22 [http-nio-8080-exec-9] DEBUG c.e.ragone.service.RolePlayService - Retrieving relevant context for message: 你好，你能教会我什么是魔法吗？
2025-09-28 15:29:22 [http-nio-8080-exec-9] INFO  c.e.r.service.HybridRetrievalService - 混合检索完成 - 向量结果: 5, 关键词结果: 0, 融合结果: 5
2025-09-28 15:29:22 [http-nio-8080-exec-9] DEBUG c.e.ragone.service.RolePlayService - Retrieved 5 context chunks
2025-09-28 15:29:22 [http-nio-8080-exec-9] DEBUG c.e.ragone.service.RolePlayService - Generating character response using AI model
2025-09-28 15:29:26 [http-nio-8080-exec-9] DEBUG c.e.ragone.service.RolePlayService - AI response generated successfully, length: 454
2025-09-28 15:29:26 [http-nio-8080-exec-9] INFO  c.e.ragone.service.RolePlayService - Message processed successfully for session: rp_1759044548240_094d91d8, turn: 1
2025-09-28 15:30:28 [http-nio-8080-exec-4] DEBUG o.s.security.web.FilterChainProxy - Securing OPTIONS /api/audio/speech-to-text
2025-09-28 15:30:28 [http-nio-8080-exec-8] DEBUG o.s.security.web.FilterChainProxy - Securing POST /api/audio/speech-to-text
2025-09-28 15:30:28 [http-nio-8080-exec-8] DEBUG c.e.r.s.JwtAuthenticationFilter - Processing request: POST /api/audio/speech-to-text, JWT token present: true
2025-09-28 15:30:28 [http-nio-8080-exec-8] DEBUG c.e.r.s.JwtAuthenticationFilter - JWT token found: eyJhbGciOiJIUzI1NiJ9...
2025-09-28 15:30:28 [http-nio-8080-exec-8] DEBUG c.e.r.s.JwtAuthenticationFilter - JWT token is valid for user: hello
2025-09-28 15:30:28 [http-nio-8080-exec-8] DEBUG c.e.r.s.JwtAuthenticationFilter - User hello authenticated successfully
2025-09-28 15:30:28 [http-nio-8080-exec-8] DEBUG o.s.security.web.FilterChainProxy - Secured POST /api/audio/speech-to-text
2025-09-28 15:30:40 [http-nio-8080-exec-2] DEBUG o.s.security.web.FilterChainProxy - Securing POST /api/audio/speech-to-text
2025-09-28 15:30:40 [http-nio-8080-exec-2] DEBUG c.e.r.s.JwtAuthenticationFilter - Processing request: POST /api/audio/speech-to-text, JWT token present: true
2025-09-28 15:30:40 [http-nio-8080-exec-2] DEBUG c.e.r.s.JwtAuthenticationFilter - JWT token found: eyJhbGciOiJIUzI1NiJ9...
2025-09-28 15:30:40 [http-nio-8080-exec-2] DEBUG c.e.r.s.JwtAuthenticationFilter - JWT token is valid for user: hello
2025-09-28 15:30:40 [http-nio-8080-exec-2] DEBUG c.e.r.s.JwtAuthenticationFilter - User hello authenticated successfully
2025-09-28 15:30:40 [http-nio-8080-exec-2] DEBUG o.s.security.web.FilterChainProxy - Secured POST /api/audio/speech-to-text
2025-09-28 15:31:26 [http-nio-8080-exec-5] DEBUG o.s.security.web.FilterChainProxy - Securing POST /api/audio/speech-to-text
2025-09-28 15:31:26 [http-nio-8080-exec-5] DEBUG c.e.r.s.JwtAuthenticationFilter - Processing request: POST /api/audio/speech-to-text, JWT token present: true
2025-09-28 15:31:26 [http-nio-8080-exec-5] DEBUG c.e.r.s.JwtAuthenticationFilter - JWT token found: eyJhbGciOiJIUzI1NiJ9...
2025-09-28 15:31:26 [http-nio-8080-exec-5] DEBUG c.e.r.s.JwtAuthenticationFilter - JWT token is valid for user: hello
2025-09-28 15:31:26 [http-nio-8080-exec-5] DEBUG c.e.r.s.JwtAuthenticationFilter - User hello authenticated successfully
2025-09-28 15:31:26 [http-nio-8080-exec-5] DEBUG o.s.security.web.FilterChainProxy - Secured POST /api/audio/speech-to-text
2025-09-28 15:31:37 [http-nio-8080-exec-3] DEBUG o.s.security.web.FilterChainProxy - Securing POST /api/audio/speech-to-text
2025-09-28 15:31:37 [http-nio-8080-exec-3] DEBUG c.e.r.s.JwtAuthenticationFilter - Processing request: POST /api/audio/speech-to-text, JWT token present: true
2025-09-28 15:31:37 [http-nio-8080-exec-3] DEBUG c.e.r.s.JwtAuthenticationFilter - JWT token found: eyJhbGciOiJIUzI1NiJ9...
2025-09-28 15:31:37 [http-nio-8080-exec-3] DEBUG c.e.r.s.JwtAuthenticationFilter - JWT token is valid for user: hello
2025-09-28 15:31:37 [http-nio-8080-exec-3] DEBUG c.e.r.s.JwtAuthenticationFilter - User hello authenticated successfully
2025-09-28 15:31:37 [http-nio-8080-exec-3] DEBUG o.s.security.web.FilterChainProxy - Secured POST /api/audio/speech-to-text
2025-09-28 15:32:41 [http-nio-8080-exec-7] DEBUG o.s.security.web.FilterChainProxy - Securing GET /api/auth/me
2025-09-28 15:32:41 [http-nio-8080-exec-7] DEBUG c.e.r.s.JwtAuthenticationFilter - Processing request: GET /api/auth/me, JWT token present: true
2025-09-28 15:32:41 [http-nio-8080-exec-7] DEBUG c.e.r.s.JwtAuthenticationFilter - JWT token found: eyJhbGciOiJIUzI1NiJ9...
2025-09-28 15:32:41 [http-nio-8080-exec-7] DEBUG c.e.r.s.JwtAuthenticationFilter - JWT token is valid for user: hello
2025-09-28 15:32:41 [http-nio-8080-exec-7] DEBUG c.e.r.s.JwtAuthenticationFilter - User hello authenticated successfully
2025-09-28 15:32:41 [http-nio-8080-exec-7] DEBUG o.s.security.web.FilterChainProxy - Secured GET /api/auth/me
2025-09-28 15:32:41 [http-nio-8080-exec-6] DEBUG o.s.security.web.FilterChainProxy - Securing GET /api/auth/me
2025-09-28 15:32:41 [http-nio-8080-exec-6] DEBUG c.e.r.s.JwtAuthenticationFilter - Processing request: GET /api/auth/me, JWT token present: true
2025-09-28 15:32:41 [http-nio-8080-exec-6] DEBUG c.e.r.s.JwtAuthenticationFilter - JWT token found: eyJhbGciOiJIUzI1NiJ9...
2025-09-28 15:32:41 [http-nio-8080-exec-6] DEBUG c.e.r.s.JwtAuthenticationFilter - JWT token is valid for user: hello
2025-09-28 15:32:41 [http-nio-8080-exec-6] DEBUG c.e.r.s.JwtAuthenticationFilter - User hello authenticated successfully
2025-09-28 15:32:41 [http-nio-8080-exec-6] DEBUG o.s.security.web.FilterChainProxy - Secured GET /api/auth/me
2025-09-28 15:32:41 [http-nio-8080-exec-9] DEBUG o.s.security.web.FilterChainProxy - Securing GET /api/characters/23
2025-09-28 15:32:41 [http-nio-8080-exec-9] DEBUG c.e.r.s.JwtAuthenticationFilter - Processing request: GET /api/characters/23, JWT token present: true
2025-09-28 15:32:41 [http-nio-8080-exec-9] DEBUG c.e.r.s.JwtAuthenticationFilter - JWT token found: eyJhbGciOiJIUzI1NiJ9...
2025-09-28 15:32:41 [http-nio-8080-exec-9] DEBUG c.e.r.s.JwtAuthenticationFilter - JWT token is valid for user: hello
2025-09-28 15:32:41 [http-nio-8080-exec-9] DEBUG c.e.r.s.JwtAuthenticationFilter - User hello authenticated successfully
2025-09-28 15:32:41 [http-nio-8080-exec-9] DEBUG o.s.security.web.FilterChainProxy - Secured GET /api/characters/23
2025-09-28 15:32:41 [http-nio-8080-exec-10] DEBUG o.s.security.web.FilterChainProxy - Securing GET /api/characters/23
2025-09-28 15:32:41 [http-nio-8080-exec-10] DEBUG c.e.r.s.JwtAuthenticationFilter - Processing request: GET /api/characters/23, JWT token present: true
2025-09-28 15:32:41 [http-nio-8080-exec-10] DEBUG c.e.r.s.JwtAuthenticationFilter - JWT token found: eyJhbGciOiJIUzI1NiJ9...
2025-09-28 15:32:41 [http-nio-8080-exec-10] DEBUG c.e.r.s.JwtAuthenticationFilter - JWT token is valid for user: hello
2025-09-28 15:32:41 [http-nio-8080-exec-10] DEBUG c.e.r.s.JwtAuthenticationFilter - User hello authenticated successfully
2025-09-28 15:32:41 [http-nio-8080-exec-10] DEBUG o.s.security.web.FilterChainProxy - Secured GET /api/characters/23
2025-09-28 15:32:42 [http-nio-8080-exec-1] DEBUG o.s.security.web.FilterChainProxy - Securing POST /api/roleplay/start
2025-09-28 15:32:42 [http-nio-8080-exec-1] DEBUG c.e.r.s.JwtAuthenticationFilter - Processing request: POST /api/roleplay/start, JWT token present: true
2025-09-28 15:32:42 [http-nio-8080-exec-1] DEBUG c.e.r.s.JwtAuthenticationFilter - JWT token found: eyJhbGciOiJIUzI1NiJ9...
2025-09-28 15:32:42 [http-nio-8080-exec-1] DEBUG c.e.r.s.JwtAuthenticationFilter - JWT token is valid for user: hello
2025-09-28 15:32:42 [http-nio-8080-exec-1] DEBUG c.e.r.s.JwtAuthenticationFilter - User hello authenticated successfully
2025-09-28 15:32:42 [http-nio-8080-exec-1] DEBUG o.s.security.web.FilterChainProxy - Secured POST /api/roleplay/start
2025-09-28 15:32:42 [http-nio-8080-exec-1] INFO  c.e.ragone.service.RolePlayService - Creating roleplay session for user: hello, character: 23
2025-09-28 15:32:42 [http-nio-8080-exec-1] INFO  c.e.ragone.service.RolePlayService - Roleplay session created: rp_1759044762297_38b08b38
2025-09-28 15:32:42 [http-nio-8080-exec-4] DEBUG o.s.security.web.FilterChainProxy - Securing POST /api/roleplay/start
2025-09-28 15:32:42 [http-nio-8080-exec-4] DEBUG c.e.r.s.JwtAuthenticationFilter - Processing request: POST /api/roleplay/start, JWT token present: true
2025-09-28 15:32:42 [http-nio-8080-exec-4] DEBUG c.e.r.s.JwtAuthenticationFilter - JWT token found: eyJhbGciOiJIUzI1NiJ9...
2025-09-28 15:32:42 [http-nio-8080-exec-4] DEBUG c.e.r.s.JwtAuthenticationFilter - JWT token is valid for user: hello
2025-09-28 15:32:42 [http-nio-8080-exec-4] DEBUG c.e.r.s.JwtAuthenticationFilter - User hello authenticated successfully
2025-09-28 15:32:42 [http-nio-8080-exec-4] DEBUG o.s.security.web.FilterChainProxy - Secured POST /api/roleplay/start
2025-09-28 15:32:42 [http-nio-8080-exec-4] INFO  c.e.ragone.service.RolePlayService - Creating roleplay session for user: hello, character: 23
2025-09-28 15:32:42 [http-nio-8080-exec-4] INFO  c.e.ragone.service.RolePlayService - Roleplay session created: rp_1759044762332_7682d12f
2025-09-28 15:32:46 [http-nio-8080-exec-8] DEBUG o.s.security.web.FilterChainProxy - Securing POST /api/audio/speech-to-text
2025-09-28 15:32:46 [http-nio-8080-exec-8] DEBUG c.e.r.s.JwtAuthenticationFilter - Processing request: POST /api/audio/speech-to-text, JWT token present: true
2025-09-28 15:32:46 [http-nio-8080-exec-8] DEBUG c.e.r.s.JwtAuthenticationFilter - JWT token found: eyJhbGciOiJIUzI1NiJ9...
2025-09-28 15:32:46 [http-nio-8080-exec-8] DEBUG c.e.r.s.JwtAuthenticationFilter - JWT token is valid for user: hello
2025-09-28 15:32:46 [http-nio-8080-exec-8] DEBUG c.e.r.s.JwtAuthenticationFilter - User hello authenticated successfully
2025-09-28 15:32:46 [http-nio-8080-exec-8] DEBUG o.s.security.web.FilterChainProxy - Secured POST /api/audio/speech-to-text
2025-09-28 15:33:31 [http-nio-8080-exec-2] DEBUG o.s.security.web.FilterChainProxy - Securing GET /api/auth/me
2025-09-28 15:33:31 [http-nio-8080-exec-2] DEBUG c.e.r.s.JwtAuthenticationFilter - Processing request: GET /api/auth/me, JWT token present: true
2025-09-28 15:33:31 [http-nio-8080-exec-2] DEBUG c.e.r.s.JwtAuthenticationFilter - JWT token found: eyJhbGciOiJIUzI1NiJ9...
2025-09-28 15:33:31 [http-nio-8080-exec-2] DEBUG c.e.r.s.JwtAuthenticationFilter - JWT token is valid for user: hello
2025-09-28 15:33:31 [http-nio-8080-exec-2] DEBUG c.e.r.s.JwtAuthenticationFilter - User hello authenticated successfully
2025-09-28 15:33:31 [http-nio-8080-exec-2] DEBUG o.s.security.web.FilterChainProxy - Secured GET /api/auth/me
2025-09-28 15:33:31 [http-nio-8080-exec-5] DEBUG o.s.security.web.FilterChainProxy - Securing GET /api/auth/me
2025-09-28 15:33:31 [http-nio-8080-exec-5] DEBUG c.e.r.s.JwtAuthenticationFilter - Processing request: GET /api/auth/me, JWT token present: true
2025-09-28 15:33:31 [http-nio-8080-exec-5] DEBUG c.e.r.s.JwtAuthenticationFilter - JWT token found: eyJhbGciOiJIUzI1NiJ9...
2025-09-28 15:33:31 [http-nio-8080-exec-5] DEBUG c.e.r.s.JwtAuthenticationFilter - JWT token is valid for user: hello
2025-09-28 15:33:31 [http-nio-8080-exec-5] DEBUG c.e.r.s.JwtAuthenticationFilter - User hello authenticated successfully
2025-09-28 15:33:31 [http-nio-8080-exec-5] DEBUG o.s.security.web.FilterChainProxy - Secured GET /api/auth/me
2025-09-28 15:33:31 [http-nio-8080-exec-3] DEBUG o.s.security.web.FilterChainProxy - Securing GET /api/characters/23
2025-09-28 15:33:31 [http-nio-8080-exec-3] DEBUG c.e.r.s.JwtAuthenticationFilter - Processing request: GET /api/characters/23, JWT token present: true
2025-09-28 15:33:31 [http-nio-8080-exec-3] DEBUG c.e.r.s.JwtAuthenticationFilter - JWT token found: eyJhbGciOiJIUzI1NiJ9...
2025-09-28 15:33:31 [http-nio-8080-exec-3] DEBUG c.e.r.s.JwtAuthenticationFilter - JWT token is valid for user: hello
2025-09-28 15:33:31 [http-nio-8080-exec-3] DEBUG c.e.r.s.JwtAuthenticationFilter - User hello authenticated successfully
2025-09-28 15:33:31 [http-nio-8080-exec-3] DEBUG o.s.security.web.FilterChainProxy - Secured GET /api/characters/23
2025-09-28 15:33:31 [http-nio-8080-exec-7] DEBUG o.s.security.web.FilterChainProxy - Securing GET /api/characters/23
2025-09-28 15:33:31 [http-nio-8080-exec-7] DEBUG c.e.r.s.JwtAuthenticationFilter - Processing request: GET /api/characters/23, JWT token present: true
2025-09-28 15:33:31 [http-nio-8080-exec-7] DEBUG c.e.r.s.JwtAuthenticationFilter - JWT token found: eyJhbGciOiJIUzI1NiJ9...
2025-09-28 15:33:31 [http-nio-8080-exec-7] DEBUG c.e.r.s.JwtAuthenticationFilter - JWT token is valid for user: hello
2025-09-28 15:33:31 [http-nio-8080-exec-7] DEBUG c.e.r.s.JwtAuthenticationFilter - User hello authenticated successfully
2025-09-28 15:33:31 [http-nio-8080-exec-7] DEBUG o.s.security.web.FilterChainProxy - Secured GET /api/characters/23
2025-09-28 15:33:32 [http-nio-8080-exec-6] DEBUG o.s.security.web.FilterChainProxy - Securing POST /api/roleplay/start
2025-09-28 15:33:32 [http-nio-8080-exec-6] DEBUG c.e.r.s.JwtAuthenticationFilter - Processing request: POST /api/roleplay/start, JWT token present: true
2025-09-28 15:33:32 [http-nio-8080-exec-6] DEBUG c.e.r.s.JwtAuthenticationFilter - JWT token found: eyJhbGciOiJIUzI1NiJ9...
2025-09-28 15:33:32 [http-nio-8080-exec-6] DEBUG c.e.r.s.JwtAuthenticationFilter - JWT token is valid for user: hello
2025-09-28 15:33:32 [http-nio-8080-exec-6] DEBUG c.e.r.s.JwtAuthenticationFilter - User hello authenticated successfully
2025-09-28 15:33:32 [http-nio-8080-exec-6] DEBUG o.s.security.web.FilterChainProxy - Secured POST /api/roleplay/start
2025-09-28 15:33:32 [http-nio-8080-exec-6] INFO  c.e.ragone.service.RolePlayService - Creating roleplay session for user: hello, character: 23
2025-09-28 15:33:32 [http-nio-8080-exec-6] INFO  c.e.ragone.service.RolePlayService - Roleplay session created: rp_1759044812463_5d3ef2ea
2025-09-28 15:33:32 [http-nio-8080-exec-9] DEBUG o.s.security.web.FilterChainProxy - Securing POST /api/roleplay/start
2025-09-28 15:33:32 [http-nio-8080-exec-9] DEBUG c.e.r.s.JwtAuthenticationFilter - Processing request: POST /api/roleplay/start, JWT token present: true
2025-09-28 15:33:32 [http-nio-8080-exec-9] DEBUG c.e.r.s.JwtAuthenticationFilter - JWT token found: eyJhbGciOiJIUzI1NiJ9...
2025-09-28 15:33:32 [http-nio-8080-exec-9] DEBUG c.e.r.s.JwtAuthenticationFilter - JWT token is valid for user: hello
2025-09-28 15:33:32 [http-nio-8080-exec-9] DEBUG c.e.r.s.JwtAuthenticationFilter - User hello authenticated successfully
2025-09-28 15:33:32 [http-nio-8080-exec-9] DEBUG o.s.security.web.FilterChainProxy - Secured POST /api/roleplay/start
2025-09-28 15:33:32 [http-nio-8080-exec-9] INFO  c.e.ragone.service.RolePlayService - Creating roleplay session for user: hello, character: 23
2025-09-28 15:33:32 [http-nio-8080-exec-9] INFO  c.e.ragone.service.RolePlayService - Roleplay session created: rp_1759044812486_7e24d869
2025-09-28 15:33:46 [http-nio-8080-exec-10] DEBUG o.s.security.web.FilterChainProxy - Securing POST /api/audio/speech-to-text
2025-09-28 15:33:46 [http-nio-8080-exec-10] DEBUG c.e.r.s.JwtAuthenticationFilter - Processing request: POST /api/audio/speech-to-text, JWT token present: true
2025-09-28 15:33:46 [http-nio-8080-exec-10] DEBUG c.e.r.s.JwtAuthenticationFilter - JWT token found: eyJhbGciOiJIUzI1NiJ9...
2025-09-28 15:33:46 [http-nio-8080-exec-10] DEBUG c.e.r.s.JwtAuthenticationFilter - JWT token is valid for user: hello
2025-09-28 15:33:46 [http-nio-8080-exec-10] DEBUG c.e.r.s.JwtAuthenticationFilter - User hello authenticated successfully
2025-09-28 15:33:46 [http-nio-8080-exec-10] DEBUG o.s.security.web.FilterChainProxy - Secured POST /api/audio/speech-to-text
2025-09-28 15:39:06 [http-nio-8080-exec-4] DEBUG o.s.security.web.FilterChainProxy - Securing GET /api/auth/me
2025-09-28 15:39:06 [http-nio-8080-exec-4] DEBUG c.e.r.s.JwtAuthenticationFilter - Processing request: GET /api/auth/me, JWT token present: true
2025-09-28 15:39:06 [http-nio-8080-exec-4] DEBUG c.e.r.s.JwtAuthenticationFilter - JWT token found: eyJhbGciOiJIUzI1NiJ9...
2025-09-28 15:39:06 [http-nio-8080-exec-4] DEBUG c.e.r.s.JwtAuthenticationFilter - JWT token is valid for user: hello
2025-09-28 15:39:06 [http-nio-8080-exec-4] DEBUG c.e.r.s.JwtAuthenticationFilter - User hello authenticated successfully
2025-09-28 15:39:06 [http-nio-8080-exec-4] DEBUG o.s.security.web.FilterChainProxy - Secured GET /api/auth/me
2025-09-28 15:39:06 [http-nio-8080-exec-8] DEBUG o.s.security.web.FilterChainProxy - Securing GET /api/auth/me
2025-09-28 15:39:06 [http-nio-8080-exec-8] DEBUG c.e.r.s.JwtAuthenticationFilter - Processing request: GET /api/auth/me, JWT token present: true
2025-09-28 15:39:06 [http-nio-8080-exec-8] DEBUG c.e.r.s.JwtAuthenticationFilter - JWT token found: eyJhbGciOiJIUzI1NiJ9...
2025-09-28 15:39:06 [http-nio-8080-exec-8] DEBUG c.e.r.s.JwtAuthenticationFilter - JWT token is valid for user: hello
2025-09-28 15:39:06 [http-nio-8080-exec-8] DEBUG c.e.r.s.JwtAuthenticationFilter - User hello authenticated successfully
2025-09-28 15:39:06 [http-nio-8080-exec-8] DEBUG o.s.security.web.FilterChainProxy - Secured GET /api/auth/me
2025-09-28 15:39:06 [http-nio-8080-exec-2] DEBUG o.s.security.web.FilterChainProxy - Securing GET /api/characters/23
2025-09-28 15:39:06 [http-nio-8080-exec-2] DEBUG c.e.r.s.JwtAuthenticationFilter - Processing request: GET /api/characters/23, JWT token present: true
2025-09-28 15:39:06 [http-nio-8080-exec-2] DEBUG c.e.r.s.JwtAuthenticationFilter - JWT token found: eyJhbGciOiJIUzI1NiJ9...
2025-09-28 15:39:06 [http-nio-8080-exec-2] DEBUG c.e.r.s.JwtAuthenticationFilter - JWT token is valid for user: hello
2025-09-28 15:39:06 [http-nio-8080-exec-2] DEBUG c.e.r.s.JwtAuthenticationFilter - User hello authenticated successfully
2025-09-28 15:39:06 [http-nio-8080-exec-2] DEBUG o.s.security.web.FilterChainProxy - Secured GET /api/characters/23
2025-09-28 15:39:06 [http-nio-8080-exec-5] DEBUG o.s.security.web.FilterChainProxy - Securing GET /api/characters/23
2025-09-28 15:39:06 [http-nio-8080-exec-5] DEBUG c.e.r.s.JwtAuthenticationFilter - Processing request: GET /api/characters/23, JWT token present: true
2025-09-28 15:39:06 [http-nio-8080-exec-5] DEBUG c.e.r.s.JwtAuthenticationFilter - JWT token found: eyJhbGciOiJIUzI1NiJ9...
2025-09-28 15:39:06 [http-nio-8080-exec-5] DEBUG c.e.r.s.JwtAuthenticationFilter - JWT token is valid for user: hello
2025-09-28 15:39:06 [http-nio-8080-exec-5] DEBUG c.e.r.s.JwtAuthenticationFilter - User hello authenticated successfully
2025-09-28 15:39:06 [http-nio-8080-exec-5] DEBUG o.s.security.web.FilterChainProxy - Secured GET /api/characters/23
2025-09-28 15:39:07 [http-nio-8080-exec-3] DEBUG o.s.security.web.FilterChainProxy - Securing POST /api/roleplay/start
2025-09-28 15:39:07 [http-nio-8080-exec-3] DEBUG c.e.r.s.JwtAuthenticationFilter - Processing request: POST /api/roleplay/start, JWT token present: true
2025-09-28 15:39:07 [http-nio-8080-exec-3] DEBUG c.e.r.s.JwtAuthenticationFilter - JWT token found: eyJhbGciOiJIUzI1NiJ9...
2025-09-28 15:39:07 [http-nio-8080-exec-3] DEBUG c.e.r.s.JwtAuthenticationFilter - JWT token is valid for user: hello
2025-09-28 15:39:07 [http-nio-8080-exec-3] DEBUG c.e.r.s.JwtAuthenticationFilter - User hello authenticated successfully
2025-09-28 15:39:07 [http-nio-8080-exec-3] DEBUG o.s.security.web.FilterChainProxy - Secured POST /api/roleplay/start
2025-09-28 15:39:07 [http-nio-8080-exec-3] INFO  c.e.ragone.service.RolePlayService - Creating roleplay session for user: hello, character: 23
2025-09-28 15:39:07 [http-nio-8080-exec-3] INFO  c.e.ragone.service.RolePlayService - Roleplay session created: rp_1759045147740_031cf19d
2025-09-28 15:39:07 [http-nio-8080-exec-7] DEBUG o.s.security.web.FilterChainProxy - Securing POST /api/roleplay/start
2025-09-28 15:39:07 [http-nio-8080-exec-7] DEBUG c.e.r.s.JwtAuthenticationFilter - Processing request: POST /api/roleplay/start, JWT token present: true
2025-09-28 15:39:07 [http-nio-8080-exec-7] DEBUG c.e.r.s.JwtAuthenticationFilter - JWT token found: eyJhbGciOiJIUzI1NiJ9...
2025-09-28 15:39:07 [http-nio-8080-exec-7] DEBUG c.e.r.s.JwtAuthenticationFilter - JWT token is valid for user: hello
2025-09-28 15:39:07 [http-nio-8080-exec-7] DEBUG c.e.r.s.JwtAuthenticationFilter - User hello authenticated successfully
2025-09-28 15:39:07 [http-nio-8080-exec-7] DEBUG o.s.security.web.FilterChainProxy - Secured POST /api/roleplay/start
2025-09-28 15:39:07 [http-nio-8080-exec-7] INFO  c.e.ragone.service.RolePlayService - Creating roleplay session for user: hello, character: 23
2025-09-28 15:39:07 [http-nio-8080-exec-7] INFO  c.e.ragone.service.RolePlayService - Roleplay session created: rp_1759045147761_bc75eb55
2025-09-28 15:39:19 [http-nio-8080-exec-6] DEBUG o.s.security.web.FilterChainProxy - Securing POST /api/audio/speech-to-text
2025-09-28 15:39:19 [http-nio-8080-exec-6] DEBUG c.e.r.s.JwtAuthenticationFilter - Processing request: POST /api/audio/speech-to-text, JWT token present: true
2025-09-28 15:39:19 [http-nio-8080-exec-6] DEBUG c.e.r.s.JwtAuthenticationFilter - JWT token found: eyJhbGciOiJIUzI1NiJ9...
2025-09-28 15:39:19 [http-nio-8080-exec-6] DEBUG c.e.r.s.JwtAuthenticationFilter - JWT token is valid for user: hello
2025-09-28 15:39:19 [http-nio-8080-exec-6] DEBUG c.e.r.s.JwtAuthenticationFilter - User hello authenticated successfully
2025-09-28 15:39:19 [http-nio-8080-exec-6] DEBUG o.s.security.web.FilterChainProxy - Secured POST /api/audio/speech-to-text
2025-09-28 15:39:19 [http-nio-8080-exec-6] INFO  c.e.ragone.service.AudioService - 开始语音转文本，文件大小: 1141 bytes, 语言: zh
2025-09-28 15:39:21 [http-nio-8080-exec-6] INFO  c.e.ragone.service.AudioService - 语音转文本成功，转录结果: 
2025-09-28 15:39:30 [http-nio-8080-exec-9] DEBUG o.s.security.web.FilterChainProxy - Securing POST /api/audio/speech-to-text
2025-09-28 15:39:30 [http-nio-8080-exec-9] DEBUG c.e.r.s.JwtAuthenticationFilter - Processing request: POST /api/audio/speech-to-text, JWT token present: true
2025-09-28 15:39:30 [http-nio-8080-exec-9] DEBUG c.e.r.s.JwtAuthenticationFilter - JWT token found: eyJhbGciOiJIUzI1NiJ9...
2025-09-28 15:39:30 [http-nio-8080-exec-9] DEBUG c.e.r.s.JwtAuthenticationFilter - JWT token is valid for user: hello
2025-09-28 15:39:30 [http-nio-8080-exec-9] DEBUG c.e.r.s.JwtAuthenticationFilter - User hello authenticated successfully
2025-09-28 15:39:30 [http-nio-8080-exec-9] DEBUG o.s.security.web.FilterChainProxy - Secured POST /api/audio/speech-to-text
2025-09-28 15:39:30 [http-nio-8080-exec-9] INFO  c.e.ragone.service.AudioService - 开始语音转文本，文件大小: 43125 bytes, 语言: zh
2025-09-28 15:39:33 [http-nio-8080-exec-9] INFO  c.e.ragone.service.AudioService - 语音转文本成功，转录结果: 123321123。
2025-09-28 15:39:38 [http-nio-8080-exec-10] DEBUG o.s.security.web.FilterChainProxy - Securing POST /api/roleplay/message
2025-09-28 15:39:38 [http-nio-8080-exec-10] DEBUG c.e.r.s.JwtAuthenticationFilter - Processing request: POST /api/roleplay/message, JWT token present: true
2025-09-28 15:39:38 [http-nio-8080-exec-10] DEBUG c.e.r.s.JwtAuthenticationFilter - JWT token found: eyJhbGciOiJIUzI1NiJ9...
2025-09-28 15:39:38 [http-nio-8080-exec-10] DEBUG c.e.r.s.JwtAuthenticationFilter - JWT token is valid for user: hello
2025-09-28 15:39:38 [http-nio-8080-exec-10] DEBUG c.e.r.s.JwtAuthenticationFilter - User hello authenticated successfully
2025-09-28 15:39:38 [http-nio-8080-exec-10] DEBUG o.s.security.web.FilterChainProxy - Secured POST /api/roleplay/message
2025-09-28 15:39:38 [http-nio-8080-exec-10] INFO  c.e.r.controller.RolePlayController - === 收到发送消息请求 ===
2025-09-28 15:39:38 [http-nio-8080-exec-10] INFO  c.e.r.controller.RolePlayController - 请求体: {sessionId=rp_1759045147761_bc75eb55, message=123321123。}
2025-09-28 15:39:38 [http-nio-8080-exec-10] INFO  c.e.r.controller.RolePlayController - 用户身份验证: hello
2025-09-28 15:39:38 [http-nio-8080-exec-10] INFO  c.e.r.controller.RolePlayController - 会话ID: rp_1759045147761_bc75eb55, 消息: 123321123。
2025-09-28 15:39:38 [http-nio-8080-exec-10] INFO  c.e.ragone.service.RolePlayService - Processing message for session: rp_1759045147761_bc75eb55, user: hello
2025-09-28 15:39:38 [http-nio-8080-exec-10] DEBUG c.e.ragone.service.RolePlayService - Retrieving relevant context for message: 123321123。
2025-09-28 15:39:38 [http-nio-8080-exec-10] INFO  c.e.r.service.HybridRetrievalService - 混合检索完成 - 向量结果: 5, 关键词结果: 0, 融合结果: 5
2025-09-28 15:39:38 [http-nio-8080-exec-10] DEBUG c.e.ragone.service.RolePlayService - Retrieved 5 context chunks
2025-09-28 15:39:38 [http-nio-8080-exec-10] DEBUG c.e.ragone.service.RolePlayService - Generating character response using AI model
2025-09-28 15:39:40 [http-nio-8080-exec-10] DEBUG c.e.ragone.service.RolePlayService - AI response generated successfully, length: 129
2025-09-28 15:39:40 [http-nio-8080-exec-10] INFO  c.e.ragone.service.RolePlayService - Message processed successfully for session: rp_1759045147761_bc75eb55, turn: 1
2025-09-28 15:39:47 [http-nio-8080-exec-1] DEBUG o.s.security.web.FilterChainProxy - Securing OPTIONS /api/roleplay/sessions/rp_1759045147761_bc75eb55/end
2025-09-28 15:39:47 [http-nio-8080-exec-4] DEBUG o.s.security.web.FilterChainProxy - Securing PATCH /api/roleplay/sessions/rp_1759045147761_bc75eb55/end
2025-09-28 15:39:47 [http-nio-8080-exec-4] DEBUG c.e.r.s.JwtAuthenticationFilter - Processing request: PATCH /api/roleplay/sessions/rp_1759045147761_bc75eb55/end, JWT token present: true
2025-09-28 15:39:47 [http-nio-8080-exec-4] DEBUG c.e.r.s.JwtAuthenticationFilter - JWT token found: eyJhbGciOiJIUzI1NiJ9...
2025-09-28 15:39:47 [http-nio-8080-exec-4] DEBUG c.e.r.s.JwtAuthenticationFilter - JWT token is valid for user: hello
2025-09-28 15:39:47 [http-nio-8080-exec-4] DEBUG c.e.r.s.JwtAuthenticationFilter - User hello authenticated successfully
2025-09-28 15:39:47 [http-nio-8080-exec-4] DEBUG o.s.security.web.FilterChainProxy - Secured PATCH /api/roleplay/sessions/rp_1759045147761_bc75eb55/end
2025-09-28 15:39:47 [http-nio-8080-exec-4] INFO  c.e.ragone.service.RolePlayService - Ending session: rp_1759045147761_bc75eb55 for user: hello
2025-09-28 15:39:47 [http-nio-8080-exec-4] INFO  c.e.ragone.service.RolePlayService - Session ended: rp_1759045147761_bc75eb55
2025-09-28 15:39:50 [http-nio-8080-exec-8] DEBUG o.s.security.web.FilterChainProxy - Securing OPTIONS /api/roleplay/sessions?characterId=23
2025-09-28 15:39:50 [http-nio-8080-exec-2] DEBUG o.s.security.web.FilterChainProxy - Securing GET /api/roleplay/sessions?characterId=23
2025-09-28 15:39:50 [http-nio-8080-exec-2] DEBUG c.e.r.s.JwtAuthenticationFilter - Processing request: GET /api/roleplay/sessions, JWT token present: true
2025-09-28 15:39:50 [http-nio-8080-exec-2] DEBUG c.e.r.s.JwtAuthenticationFilter - JWT token found: eyJhbGciOiJIUzI1NiJ9...
2025-09-28 15:39:50 [http-nio-8080-exec-2] DEBUG c.e.r.s.JwtAuthenticationFilter - JWT token is valid for user: hello
2025-09-28 15:39:50 [http-nio-8080-exec-2] DEBUG c.e.r.s.JwtAuthenticationFilter - User hello authenticated successfully
2025-09-28 15:39:50 [http-nio-8080-exec-2] DEBUG o.s.security.web.FilterChainProxy - Secured GET /api/roleplay/sessions?characterId=23
2025-09-28 15:39:55 [http-nio-8080-exec-5] DEBUG o.s.security.web.FilterChainProxy - Securing GET /api/characters
2025-09-28 15:39:55 [http-nio-8080-exec-5] DEBUG c.e.r.s.JwtAuthenticationFilter - Processing request: GET /api/characters, JWT token present: true
2025-09-28 15:39:55 [http-nio-8080-exec-5] DEBUG c.e.r.s.JwtAuthenticationFilter - JWT token found: eyJhbGciOiJIUzI1NiJ9...
2025-09-28 15:39:55 [http-nio-8080-exec-5] DEBUG c.e.r.s.JwtAuthenticationFilter - JWT token is valid for user: hello
2025-09-28 15:39:55 [http-nio-8080-exec-5] DEBUG c.e.r.s.JwtAuthenticationFilter - User hello authenticated successfully
2025-09-28 15:39:55 [http-nio-8080-exec-5] DEBUG o.s.security.web.FilterChainProxy - Secured GET /api/characters
2025-09-28 15:40:05 [http-nio-8080-exec-3] DEBUG o.s.security.web.FilterChainProxy - Securing GET /api/characters
2025-09-28 15:40:05 [http-nio-8080-exec-7] DEBUG o.s.security.web.FilterChainProxy - Securing GET /api/knowledge-bases
2025-09-28 15:40:05 [http-nio-8080-exec-3] DEBUG c.e.r.s.JwtAuthenticationFilter - Processing request: GET /api/characters, JWT token present: true
2025-09-28 15:40:05 [http-nio-8080-exec-3] DEBUG c.e.r.s.JwtAuthenticationFilter - JWT token found: eyJhbGciOiJIUzI1NiJ9...
2025-09-28 15:40:05 [http-nio-8080-exec-7] DEBUG c.e.r.s.JwtAuthenticationFilter - Processing request: GET /api/knowledge-bases, JWT token present: true
2025-09-28 15:40:05 [http-nio-8080-exec-7] DEBUG c.e.r.s.JwtAuthenticationFilter - JWT token found: eyJhbGciOiJIUzI1NiJ9...
2025-09-28 15:40:05 [http-nio-8080-exec-3] DEBUG c.e.r.s.JwtAuthenticationFilter - JWT token is valid for user: hello
2025-09-28 15:40:05 [http-nio-8080-exec-7] DEBUG c.e.r.s.JwtAuthenticationFilter - JWT token is valid for user: hello
2025-09-28 15:40:05 [http-nio-8080-exec-3] DEBUG c.e.r.s.JwtAuthenticationFilter - User hello authenticated successfully
2025-09-28 15:40:05 [http-nio-8080-exec-3] DEBUG o.s.security.web.FilterChainProxy - Secured GET /api/characters
2025-09-28 15:40:05 [http-nio-8080-exec-7] DEBUG c.e.r.s.JwtAuthenticationFilter - User hello authenticated successfully
2025-09-28 15:40:05 [http-nio-8080-exec-7] DEBUG o.s.security.web.FilterChainProxy - Secured GET /api/knowledge-bases
2025-09-28 15:40:05 [http-nio-8080-exec-6] DEBUG o.s.security.web.FilterChainProxy - Securing GET /api/characters
2025-09-28 15:40:05 [http-nio-8080-exec-9] DEBUG o.s.security.web.FilterChainProxy - Securing GET /api/knowledge-bases
2025-09-28 15:40:05 [http-nio-8080-exec-9] DEBUG c.e.r.s.JwtAuthenticationFilter - Processing request: GET /api/knowledge-bases, JWT token present: true
2025-09-28 15:40:05 [http-nio-8080-exec-6] DEBUG c.e.r.s.JwtAuthenticationFilter - Processing request: GET /api/characters, JWT token present: true
2025-09-28 15:40:05 [http-nio-8080-exec-9] DEBUG c.e.r.s.JwtAuthenticationFilter - JWT token found: eyJhbGciOiJIUzI1NiJ9...
2025-09-28 15:40:05 [http-nio-8080-exec-6] DEBUG c.e.r.s.JwtAuthenticationFilter - JWT token found: eyJhbGciOiJIUzI1NiJ9...
2025-09-28 15:40:05 [http-nio-8080-exec-6] DEBUG c.e.r.s.JwtAuthenticationFilter - JWT token is valid for user: hello
2025-09-28 15:40:05 [http-nio-8080-exec-9] DEBUG c.e.r.s.JwtAuthenticationFilter - JWT token is valid for user: hello
2025-09-28 15:40:05 [http-nio-8080-exec-9] DEBUG c.e.r.s.JwtAuthenticationFilter - User hello authenticated successfully
2025-09-28 15:40:05 [http-nio-8080-exec-6] DEBUG c.e.r.s.JwtAuthenticationFilter - User hello authenticated successfully
2025-09-28 15:40:05 [http-nio-8080-exec-9] DEBUG o.s.security.web.FilterChainProxy - Secured GET /api/knowledge-bases
2025-09-28 15:40:05 [http-nio-8080-exec-6] DEBUG o.s.security.web.FilterChainProxy - Secured GET /api/characters
2025-09-28 15:40:07 [http-nio-8080-exec-10] DEBUG o.s.security.web.FilterChainProxy - Securing GET /api/knowledge-bases
2025-09-28 15:40:07 [http-nio-8080-exec-10] DEBUG c.e.r.s.JwtAuthenticationFilter - Processing request: GET /api/knowledge-bases, JWT token present: true
2025-09-28 15:40:07 [http-nio-8080-exec-10] DEBUG c.e.r.s.JwtAuthenticationFilter - JWT token found: eyJhbGciOiJIUzI1NiJ9...
2025-09-28 15:40:07 [http-nio-8080-exec-10] DEBUG c.e.r.s.JwtAuthenticationFilter - JWT token is valid for user: hello
2025-09-28 15:40:07 [http-nio-8080-exec-10] DEBUG c.e.r.s.JwtAuthenticationFilter - User hello authenticated successfully
2025-09-28 15:40:07 [http-nio-8080-exec-10] DEBUG o.s.security.web.FilterChainProxy - Secured GET /api/knowledge-bases
2025-09-28 15:40:07 [http-nio-8080-exec-1] DEBUG o.s.security.web.FilterChainProxy - Securing GET /api/knowledge-bases
2025-09-28 15:40:07 [http-nio-8080-exec-1] DEBUG c.e.r.s.JwtAuthenticationFilter - Processing request: GET /api/knowledge-bases, JWT token present: true
2025-09-28 15:40:07 [http-nio-8080-exec-1] DEBUG c.e.r.s.JwtAuthenticationFilter - JWT token found: eyJhbGciOiJIUzI1NiJ9...
2025-09-28 15:40:07 [http-nio-8080-exec-1] DEBUG c.e.r.s.JwtAuthenticationFilter - JWT token is valid for user: hello
2025-09-28 15:40:07 [http-nio-8080-exec-1] DEBUG c.e.r.s.JwtAuthenticationFilter - User hello authenticated successfully
2025-09-28 15:40:07 [http-nio-8080-exec-1] DEBUG o.s.security.web.FilterChainProxy - Secured GET /api/knowledge-bases
2025-09-28 15:40:07 [http-nio-8080-exec-4] DEBUG o.s.security.web.FilterChainProxy - Securing GET /api/knowledge-bases
2025-09-28 15:40:07 [http-nio-8080-exec-4] DEBUG c.e.r.s.JwtAuthenticationFilter - Processing request: GET /api/knowledge-bases, JWT token present: true
2025-09-28 15:40:07 [http-nio-8080-exec-4] DEBUG c.e.r.s.JwtAuthenticationFilter - JWT token found: eyJhbGciOiJIUzI1NiJ9...
2025-09-28 15:40:07 [http-nio-8080-exec-4] DEBUG c.e.r.s.JwtAuthenticationFilter - JWT token is valid for user: hello
2025-09-28 15:40:07 [http-nio-8080-exec-4] DEBUG c.e.r.s.JwtAuthenticationFilter - User hello authenticated successfully
2025-09-28 15:40:07 [http-nio-8080-exec-4] DEBUG o.s.security.web.FilterChainProxy - Secured GET /api/knowledge-bases
2025-09-28 15:40:07 [http-nio-8080-exec-8] DEBUG o.s.security.web.FilterChainProxy - Securing GET /api/knowledge-bases
2025-09-28 15:40:07 [http-nio-8080-exec-8] DEBUG c.e.r.s.JwtAuthenticationFilter - Processing request: GET /api/knowledge-bases, JWT token present: true
2025-09-28 15:40:07 [http-nio-8080-exec-8] DEBUG c.e.r.s.JwtAuthenticationFilter - JWT token found: eyJhbGciOiJIUzI1NiJ9...
2025-09-28 15:40:07 [http-nio-8080-exec-8] DEBUG c.e.r.s.JwtAuthenticationFilter - JWT token is valid for user: hello
2025-09-28 15:40:07 [http-nio-8080-exec-8] DEBUG c.e.r.s.JwtAuthenticationFilter - User hello authenticated successfully
2025-09-28 15:40:07 [http-nio-8080-exec-8] DEBUG o.s.security.web.FilterChainProxy - Secured GET /api/knowledge-bases
2025-09-28 15:40:08 [http-nio-8080-exec-2] DEBUG o.s.security.web.FilterChainProxy - Securing GET /api/knowledge-bases
2025-09-28 15:40:08 [http-nio-8080-exec-2] DEBUG c.e.r.s.JwtAuthenticationFilter - Processing request: GET /api/knowledge-bases, JWT token present: true
2025-09-28 15:40:08 [http-nio-8080-exec-2] DEBUG c.e.r.s.JwtAuthenticationFilter - JWT token found: eyJhbGciOiJIUzI1NiJ9...
2025-09-28 15:40:08 [http-nio-8080-exec-2] DEBUG c.e.r.s.JwtAuthenticationFilter - JWT token is valid for user: hello
2025-09-28 15:40:08 [http-nio-8080-exec-2] DEBUG c.e.r.s.JwtAuthenticationFilter - User hello authenticated successfully
2025-09-28 15:40:08 [http-nio-8080-exec-2] DEBUG o.s.security.web.FilterChainProxy - Secured GET /api/knowledge-bases
2025-09-28 15:40:08 [http-nio-8080-exec-5] DEBUG o.s.security.web.FilterChainProxy - Securing GET /api/knowledge-bases
2025-09-28 15:40:08 [http-nio-8080-exec-5] DEBUG c.e.r.s.JwtAuthenticationFilter - Processing request: GET /api/knowledge-bases, JWT token present: true
2025-09-28 15:40:08 [http-nio-8080-exec-5] DEBUG c.e.r.s.JwtAuthenticationFilter - JWT token found: eyJhbGciOiJIUzI1NiJ9...
2025-09-28 15:40:08 [http-nio-8080-exec-5] DEBUG c.e.r.s.JwtAuthenticationFilter - JWT token is valid for user: hello
2025-09-28 15:40:09 [http-nio-8080-exec-5] DEBUG c.e.r.s.JwtAuthenticationFilter - User hello authenticated successfully
2025-09-28 15:40:09 [http-nio-8080-exec-5] DEBUG o.s.security.web.FilterChainProxy - Secured GET /api/knowledge-bases
2025-09-28 15:40:35 [http-nio-8080-exec-7] DEBUG o.s.security.web.FilterChainProxy - Securing GET /api/knowledge-bases
2025-09-28 15:40:35 [http-nio-8080-exec-7] DEBUG c.e.r.s.JwtAuthenticationFilter - Processing request: GET /api/knowledge-bases, JWT token present: true
2025-09-28 15:40:35 [http-nio-8080-exec-7] DEBUG c.e.r.s.JwtAuthenticationFilter - JWT token found: eyJhbGciOiJIUzI1NiJ9...
2025-09-28 15:40:35 [http-nio-8080-exec-7] DEBUG c.e.r.s.JwtAuthenticationFilter - JWT token is valid for user: hello
2025-09-28 15:40:35 [http-nio-8080-exec-7] DEBUG c.e.r.s.JwtAuthenticationFilter - User hello authenticated successfully
2025-09-28 15:40:35 [http-nio-8080-exec-7] DEBUG o.s.security.web.FilterChainProxy - Secured GET /api/knowledge-bases
2025-09-28 15:40:35 [http-nio-8080-exec-3] DEBUG o.s.security.web.FilterChainProxy - Securing GET /api/knowledge-bases
2025-09-28 15:40:35 [http-nio-8080-exec-3] DEBUG c.e.r.s.JwtAuthenticationFilter - Processing request: GET /api/knowledge-bases, JWT token present: true
2025-09-28 15:40:35 [http-nio-8080-exec-3] DEBUG c.e.r.s.JwtAuthenticationFilter - JWT token found: eyJhbGciOiJIUzI1NiJ9...
2025-09-28 15:40:35 [http-nio-8080-exec-3] DEBUG c.e.r.s.JwtAuthenticationFilter - JWT token is valid for user: hello
2025-09-28 15:40:35 [http-nio-8080-exec-3] DEBUG c.e.r.s.JwtAuthenticationFilter - User hello authenticated successfully
2025-09-28 15:40:35 [http-nio-8080-exec-3] DEBUG o.s.security.web.FilterChainProxy - Secured GET /api/knowledge-bases
2025-09-28 15:40:36 [http-nio-8080-exec-9] DEBUG o.s.security.web.FilterChainProxy - Securing GET /api/knowledge-bases
2025-09-28 15:40:36 [http-nio-8080-exec-9] DEBUG c.e.r.s.JwtAuthenticationFilter - Processing request: GET /api/knowledge-bases, JWT token present: true
2025-09-28 15:40:36 [http-nio-8080-exec-9] DEBUG c.e.r.s.JwtAuthenticationFilter - JWT token found: eyJhbGciOiJIUzI1NiJ9...
2025-09-28 15:40:36 [http-nio-8080-exec-9] DEBUG c.e.r.s.JwtAuthenticationFilter - JWT token is valid for user: hello
2025-09-28 15:40:36 [http-nio-8080-exec-9] DEBUG c.e.r.s.JwtAuthenticationFilter - User hello authenticated successfully
2025-09-28 15:40:36 [http-nio-8080-exec-9] DEBUG o.s.security.web.FilterChainProxy - Secured GET /api/knowledge-bases
2025-09-28 15:40:36 [http-nio-8080-exec-6] DEBUG o.s.security.web.FilterChainProxy - Securing GET /api/knowledge-bases
2025-09-28 15:40:36 [http-nio-8080-exec-6] DEBUG c.e.r.s.JwtAuthenticationFilter - Processing request: GET /api/knowledge-bases, JWT token present: true
2025-09-28 15:40:36 [http-nio-8080-exec-6] DEBUG c.e.r.s.JwtAuthenticationFilter - JWT token found: eyJhbGciOiJIUzI1NiJ9...
2025-09-28 15:40:36 [http-nio-8080-exec-6] DEBUG c.e.r.s.JwtAuthenticationFilter - JWT token is valid for user: hello
2025-09-28 15:40:36 [http-nio-8080-exec-6] DEBUG c.e.r.s.JwtAuthenticationFilter - User hello authenticated successfully
2025-09-28 15:40:36 [http-nio-8080-exec-6] DEBUG o.s.security.web.FilterChainProxy - Secured GET /api/knowledge-bases
2025-09-28 15:40:37 [http-nio-8080-exec-10] DEBUG o.s.security.web.FilterChainProxy - Securing GET /api/characters
2025-09-28 15:40:37 [http-nio-8080-exec-1] DEBUG o.s.security.web.FilterChainProxy - Securing GET /api/knowledge-bases
2025-09-28 15:40:37 [http-nio-8080-exec-1] DEBUG c.e.r.s.JwtAuthenticationFilter - Processing request: GET /api/knowledge-bases, JWT token present: true
2025-09-28 15:40:37 [http-nio-8080-exec-10] DEBUG c.e.r.s.JwtAuthenticationFilter - Processing request: GET /api/characters, JWT token present: true
2025-09-28 15:40:37 [http-nio-8080-exec-1] DEBUG c.e.r.s.JwtAuthenticationFilter - JWT token found: eyJhbGciOiJIUzI1NiJ9...
2025-09-28 15:40:37 [http-nio-8080-exec-10] DEBUG c.e.r.s.JwtAuthenticationFilter - JWT token found: eyJhbGciOiJIUzI1NiJ9...
2025-09-28 15:40:37 [http-nio-8080-exec-1] DEBUG c.e.r.s.JwtAuthenticationFilter - JWT token is valid for user: hello
2025-09-28 15:40:37 [http-nio-8080-exec-10] DEBUG c.e.r.s.JwtAuthenticationFilter - JWT token is valid for user: hello
2025-09-28 15:40:37 [http-nio-8080-exec-10] DEBUG c.e.r.s.JwtAuthenticationFilter - User hello authenticated successfully
2025-09-28 15:40:37 [http-nio-8080-exec-1] DEBUG c.e.r.s.JwtAuthenticationFilter - User hello authenticated successfully
2025-09-28 15:40:37 [http-nio-8080-exec-10] DEBUG o.s.security.web.FilterChainProxy - Secured GET /api/characters
2025-09-28 15:40:37 [http-nio-8080-exec-1] DEBUG o.s.security.web.FilterChainProxy - Secured GET /api/knowledge-bases
2025-09-28 15:40:37 [http-nio-8080-exec-4] DEBUG o.s.security.web.FilterChainProxy - Securing GET /api/knowledge-bases
2025-09-28 15:40:37 [http-nio-8080-exec-4] DEBUG c.e.r.s.JwtAuthenticationFilter - Processing request: GET /api/knowledge-bases, JWT token present: true
2025-09-28 15:40:37 [http-nio-8080-exec-4] DEBUG c.e.r.s.JwtAuthenticationFilter - JWT token found: eyJhbGciOiJIUzI1NiJ9...
2025-09-28 15:40:37 [http-nio-8080-exec-4] DEBUG c.e.r.s.JwtAuthenticationFilter - JWT token is valid for user: hello
2025-09-28 15:40:37 [http-nio-8080-exec-8] DEBUG o.s.security.web.FilterChainProxy - Securing GET /api/characters
2025-09-28 15:40:37 [http-nio-8080-exec-8] DEBUG c.e.r.s.JwtAuthenticationFilter - Processing request: GET /api/characters, JWT token present: true
2025-09-28 15:40:37 [http-nio-8080-exec-8] DEBUG c.e.r.s.JwtAuthenticationFilter - JWT token found: eyJhbGciOiJIUzI1NiJ9...
2025-09-28 15:40:37 [http-nio-8080-exec-8] DEBUG c.e.r.s.JwtAuthenticationFilter - JWT token is valid for user: hello
2025-09-28 15:40:37 [http-nio-8080-exec-4] DEBUG c.e.r.s.JwtAuthenticationFilter - User hello authenticated successfully
2025-09-28 15:40:37 [http-nio-8080-exec-4] DEBUG o.s.security.web.FilterChainProxy - Secured GET /api/knowledge-bases
2025-09-28 15:40:37 [http-nio-8080-exec-8] DEBUG c.e.r.s.JwtAuthenticationFilter - User hello authenticated successfully
2025-09-28 15:40:37 [http-nio-8080-exec-8] DEBUG o.s.security.web.FilterChainProxy - Secured GET /api/characters
2025-09-28 15:40:38 [http-nio-8080-exec-2] DEBUG o.s.security.web.FilterChainProxy - Securing GET /api/characters
2025-09-28 15:40:38 [http-nio-8080-exec-2] DEBUG c.e.r.s.JwtAuthenticationFilter - Processing request: GET /api/characters, JWT token present: true
2025-09-28 15:40:38 [http-nio-8080-exec-2] DEBUG c.e.r.s.JwtAuthenticationFilter - JWT token found: eyJhbGciOiJIUzI1NiJ9...
2025-09-28 15:40:38 [http-nio-8080-exec-2] DEBUG c.e.r.s.JwtAuthenticationFilter - JWT token is valid for user: hello
2025-09-28 15:40:38 [http-nio-8080-exec-2] DEBUG c.e.r.s.JwtAuthenticationFilter - User hello authenticated successfully
2025-09-28 15:40:38 [http-nio-8080-exec-2] DEBUG o.s.security.web.FilterChainProxy - Secured GET /api/characters
2025-09-28 15:40:38 [http-nio-8080-exec-5] DEBUG o.s.security.web.FilterChainProxy - Securing GET /api/characters
2025-09-28 15:40:38 [http-nio-8080-exec-5] DEBUG c.e.r.s.JwtAuthenticationFilter - Processing request: GET /api/characters, JWT token present: true
2025-09-28 15:40:38 [http-nio-8080-exec-5] DEBUG c.e.r.s.JwtAuthenticationFilter - JWT token found: eyJhbGciOiJIUzI1NiJ9...
2025-09-28 15:40:38 [http-nio-8080-exec-5] DEBUG c.e.r.s.JwtAuthenticationFilter - JWT token is valid for user: hello
2025-09-28 15:40:38 [http-nio-8080-exec-5] DEBUG c.e.r.s.JwtAuthenticationFilter - User hello authenticated successfully
2025-09-28 15:40:38 [http-nio-8080-exec-5] DEBUG o.s.security.web.FilterChainProxy - Secured GET /api/characters
2025-09-28 15:40:38 [http-nio-8080-exec-7] DEBUG o.s.security.web.FilterChainProxy - Securing GET /api/knowledge-bases
2025-09-28 15:40:38 [http-nio-8080-exec-7] DEBUG c.e.r.s.JwtAuthenticationFilter - Processing request: GET /api/knowledge-bases, JWT token present: true
2025-09-28 15:40:38 [http-nio-8080-exec-7] DEBUG c.e.r.s.JwtAuthenticationFilter - JWT token found: eyJhbGciOiJIUzI1NiJ9...
2025-09-28 15:40:38 [http-nio-8080-exec-7] DEBUG c.e.r.s.JwtAuthenticationFilter - JWT token is valid for user: hello
2025-09-28 15:40:38 [http-nio-8080-exec-7] DEBUG c.e.r.s.JwtAuthenticationFilter - User hello authenticated successfully
2025-09-28 15:40:38 [http-nio-8080-exec-7] DEBUG o.s.security.web.FilterChainProxy - Secured GET /api/knowledge-bases
2025-09-28 15:40:38 [http-nio-8080-exec-3] DEBUG o.s.security.web.FilterChainProxy - Securing GET /api/knowledge-bases
2025-09-28 15:40:38 [http-nio-8080-exec-3] DEBUG c.e.r.s.JwtAuthenticationFilter - Processing request: GET /api/knowledge-bases, JWT token present: true
2025-09-28 15:40:38 [http-nio-8080-exec-3] DEBUG c.e.r.s.JwtAuthenticationFilter - JWT token found: eyJhbGciOiJIUzI1NiJ9...
2025-09-28 15:40:38 [http-nio-8080-exec-3] DEBUG c.e.r.s.JwtAuthenticationFilter - JWT token is valid for user: hello
2025-09-28 15:40:38 [http-nio-8080-exec-3] DEBUG c.e.r.s.JwtAuthenticationFilter - User hello authenticated successfully
2025-09-28 15:40:38 [http-nio-8080-exec-3] DEBUG o.s.security.web.FilterChainProxy - Secured GET /api/knowledge-bases
2025-09-28 15:40:38 [http-nio-8080-exec-9] DEBUG o.s.security.web.FilterChainProxy - Securing GET /api/documents?knowledgeBaseId=6
2025-09-28 15:40:38 [http-nio-8080-exec-9] DEBUG c.e.r.s.JwtAuthenticationFilter - Processing request: GET /api/documents, JWT token present: true
2025-09-28 15:40:38 [http-nio-8080-exec-9] DEBUG c.e.r.s.JwtAuthenticationFilter - JWT token found: eyJhbGciOiJIUzI1NiJ9...
2025-09-28 15:40:38 [http-nio-8080-exec-9] DEBUG c.e.r.s.JwtAuthenticationFilter - JWT token is valid for user: hello
2025-09-28 15:40:38 [http-nio-8080-exec-9] DEBUG c.e.r.s.JwtAuthenticationFilter - User hello authenticated successfully
2025-09-28 15:40:38 [http-nio-8080-exec-9] DEBUG o.s.security.web.FilterChainProxy - Secured GET /api/documents?knowledgeBaseId=6
2025-09-28 15:40:39 [http-nio-8080-exec-6] DEBUG o.s.security.web.FilterChainProxy - Securing GET /api/knowledge-bases
2025-09-28 15:40:39 [http-nio-8080-exec-6] DEBUG c.e.r.s.JwtAuthenticationFilter - Processing request: GET /api/knowledge-bases, JWT token present: true
2025-09-28 15:40:39 [http-nio-8080-exec-6] DEBUG c.e.r.s.JwtAuthenticationFilter - JWT token found: eyJhbGciOiJIUzI1NiJ9...
2025-09-28 15:40:39 [http-nio-8080-exec-6] DEBUG c.e.r.s.JwtAuthenticationFilter - JWT token is valid for user: hello
2025-09-28 15:40:39 [http-nio-8080-exec-6] DEBUG c.e.r.s.JwtAuthenticationFilter - User hello authenticated successfully
2025-09-28 15:40:39 [http-nio-8080-exec-6] DEBUG o.s.security.web.FilterChainProxy - Secured GET /api/knowledge-bases
2025-09-28 15:40:39 [http-nio-8080-exec-1] DEBUG o.s.security.web.FilterChainProxy - Securing GET /api/knowledge-bases
2025-09-28 15:40:39 [http-nio-8080-exec-1] DEBUG c.e.r.s.JwtAuthenticationFilter - Processing request: GET /api/knowledge-bases, JWT token present: true
2025-09-28 15:40:39 [http-nio-8080-exec-1] DEBUG c.e.r.s.JwtAuthenticationFilter - JWT token found: eyJhbGciOiJIUzI1NiJ9...
2025-09-28 15:40:39 [http-nio-8080-exec-1] DEBUG c.e.r.s.JwtAuthenticationFilter - JWT token is valid for user: hello
2025-09-28 15:40:39 [http-nio-8080-exec-1] DEBUG c.e.r.s.JwtAuthenticationFilter - User hello authenticated successfully
2025-09-28 15:40:39 [http-nio-8080-exec-1] DEBUG o.s.security.web.FilterChainProxy - Secured GET /api/knowledge-bases
2025-09-28 15:41:19 [http-nio-8080-exec-10] DEBUG o.s.security.web.FilterChainProxy - Securing GET /api/knowledge-bases
2025-09-28 15:41:19 [http-nio-8080-exec-10] DEBUG c.e.r.s.JwtAuthenticationFilter - Processing request: GET /api/knowledge-bases, JWT token present: true
2025-09-28 15:41:19 [http-nio-8080-exec-10] DEBUG c.e.r.s.JwtAuthenticationFilter - JWT token found: eyJhbGciOiJIUzI1NiJ9...
2025-09-28 15:41:19 [http-nio-8080-exec-10] DEBUG c.e.r.s.JwtAuthenticationFilter - JWT token is valid for user: hello
2025-09-28 15:41:19 [http-nio-8080-exec-10] DEBUG c.e.r.s.JwtAuthenticationFilter - User hello authenticated successfully
2025-09-28 15:41:19 [http-nio-8080-exec-10] DEBUG o.s.security.web.FilterChainProxy - Secured GET /api/knowledge-bases
2025-09-28 15:41:19 [http-nio-8080-exec-4] DEBUG o.s.security.web.FilterChainProxy - Securing GET /api/knowledge-bases
2025-09-28 15:41:19 [http-nio-8080-exec-4] DEBUG c.e.r.s.JwtAuthenticationFilter - Processing request: GET /api/knowledge-bases, JWT token present: true
2025-09-28 15:41:19 [http-nio-8080-exec-4] DEBUG c.e.r.s.JwtAuthenticationFilter - JWT token found: eyJhbGciOiJIUzI1NiJ9...
2025-09-28 15:41:19 [http-nio-8080-exec-4] DEBUG c.e.r.s.JwtAuthenticationFilter - JWT token is valid for user: hello
2025-09-28 15:41:19 [http-nio-8080-exec-4] DEBUG c.e.r.s.JwtAuthenticationFilter - User hello authenticated successfully
2025-09-28 15:41:19 [http-nio-8080-exec-4] DEBUG o.s.security.web.FilterChainProxy - Secured GET /api/knowledge-bases
2025-09-28 15:41:27 [http-nio-8080-exec-8] DEBUG o.s.security.web.FilterChainProxy - Securing GET /api/knowledge-bases
2025-09-28 15:41:27 [http-nio-8080-exec-8] DEBUG c.e.r.s.JwtAuthenticationFilter - Processing request: GET /api/knowledge-bases, JWT token present: true
2025-09-28 15:41:27 [http-nio-8080-exec-8] DEBUG c.e.r.s.JwtAuthenticationFilter - JWT token found: eyJhbGciOiJIUzI1NiJ9...
2025-09-28 15:41:27 [http-nio-8080-exec-8] DEBUG c.e.r.s.JwtAuthenticationFilter - JWT token is valid for user: hello
2025-09-28 15:41:27 [http-nio-8080-exec-8] DEBUG c.e.r.s.JwtAuthenticationFilter - User hello authenticated successfully
2025-09-28 15:41:27 [http-nio-8080-exec-8] DEBUG o.s.security.web.FilterChainProxy - Secured GET /api/knowledge-bases
2025-09-28 15:41:27 [http-nio-8080-exec-2] DEBUG o.s.security.web.FilterChainProxy - Securing GET /api/knowledge-bases
2025-09-28 15:41:27 [http-nio-8080-exec-2] DEBUG c.e.r.s.JwtAuthenticationFilter - Processing request: GET /api/knowledge-bases, JWT token present: true
2025-09-28 15:41:27 [http-nio-8080-exec-2] DEBUG c.e.r.s.JwtAuthenticationFilter - JWT token found: eyJhbGciOiJIUzI1NiJ9...
2025-09-28 15:41:27 [http-nio-8080-exec-2] DEBUG c.e.r.s.JwtAuthenticationFilter - JWT token is valid for user: hello
2025-09-28 15:41:27 [http-nio-8080-exec-2] DEBUG c.e.r.s.JwtAuthenticationFilter - User hello authenticated successfully
2025-09-28 15:41:27 [http-nio-8080-exec-2] DEBUG o.s.security.web.FilterChainProxy - Secured GET /api/knowledge-bases
2025-09-28 15:41:28 [http-nio-8080-exec-5] DEBUG o.s.security.web.FilterChainProxy - Securing GET /api/documents?knowledgeBaseId=6
2025-09-28 15:41:28 [http-nio-8080-exec-5] DEBUG c.e.r.s.JwtAuthenticationFilter - Processing request: GET /api/documents, JWT token present: true
2025-09-28 15:41:28 [http-nio-8080-exec-5] DEBUG c.e.r.s.JwtAuthenticationFilter - JWT token found: eyJhbGciOiJIUzI1NiJ9...
2025-09-28 15:41:28 [http-nio-8080-exec-5] DEBUG c.e.r.s.JwtAuthenticationFilter - JWT token is valid for user: hello
2025-09-28 15:41:28 [http-nio-8080-exec-5] DEBUG c.e.r.s.JwtAuthenticationFilter - User hello authenticated successfully
2025-09-28 15:41:28 [http-nio-8080-exec-5] DEBUG o.s.security.web.FilterChainProxy - Secured GET /api/documents?knowledgeBaseId=6
2025-09-28 15:41:57 [http-nio-8080-exec-9] DEBUG o.s.security.web.FilterChainProxy - Securing GET /api/characters
2025-09-28 15:41:57 [http-nio-8080-exec-3] DEBUG o.s.security.web.FilterChainProxy - Securing GET /api/knowledge-bases
2025-09-28 15:41:57 [http-nio-8080-exec-9] DEBUG c.e.r.s.JwtAuthenticationFilter - Processing request: GET /api/characters, JWT token present: true
2025-09-28 15:41:57 [http-nio-8080-exec-9] DEBUG c.e.r.s.JwtAuthenticationFilter - JWT token found: eyJhbGciOiJIUzI1NiJ9...
2025-09-28 15:41:57 [http-nio-8080-exec-9] DEBUG c.e.r.s.JwtAuthenticationFilter - JWT token is valid for user: hello
2025-09-28 15:41:57 [http-nio-8080-exec-3] DEBUG c.e.r.s.JwtAuthenticationFilter - Processing request: GET /api/knowledge-bases, JWT token present: true
2025-09-28 15:41:57 [http-nio-8080-exec-3] DEBUG c.e.r.s.JwtAuthenticationFilter - JWT token found: eyJhbGciOiJIUzI1NiJ9...
2025-09-28 15:41:57 [http-nio-8080-exec-3] DEBUG c.e.r.s.JwtAuthenticationFilter - JWT token is valid for user: hello
2025-09-28 15:41:57 [http-nio-8080-exec-9] DEBUG c.e.r.s.JwtAuthenticationFilter - User hello authenticated successfully
2025-09-28 15:41:57 [http-nio-8080-exec-9] DEBUG o.s.security.web.FilterChainProxy - Secured GET /api/characters
2025-09-28 15:41:57 [http-nio-8080-exec-3] DEBUG c.e.r.s.JwtAuthenticationFilter - User hello authenticated successfully
2025-09-28 15:41:57 [http-nio-8080-exec-3] DEBUG o.s.security.web.FilterChainProxy - Secured GET /api/knowledge-bases
2025-09-28 15:41:57 [http-nio-8080-exec-1] DEBUG o.s.security.web.FilterChainProxy - Securing GET /api/characters
2025-09-28 15:41:57 [http-nio-8080-exec-6] DEBUG o.s.security.web.FilterChainProxy - Securing GET /api/knowledge-bases
2025-09-28 15:41:57 [http-nio-8080-exec-1] DEBUG c.e.r.s.JwtAuthenticationFilter - Processing request: GET /api/characters, JWT token present: true
2025-09-28 15:41:57 [http-nio-8080-exec-1] DEBUG c.e.r.s.JwtAuthenticationFilter - JWT token found: eyJhbGciOiJIUzI1NiJ9...
2025-09-28 15:41:57 [http-nio-8080-exec-6] DEBUG c.e.r.s.JwtAuthenticationFilter - Processing request: GET /api/knowledge-bases, JWT token present: true
2025-09-28 15:41:57 [http-nio-8080-exec-6] DEBUG c.e.r.s.JwtAuthenticationFilter - JWT token found: eyJhbGciOiJIUzI1NiJ9...
2025-09-28 15:41:57 [http-nio-8080-exec-1] DEBUG c.e.r.s.JwtAuthenticationFilter - JWT token is valid for user: hello
2025-09-28 15:41:57 [http-nio-8080-exec-6] DEBUG c.e.r.s.JwtAuthenticationFilter - JWT token is valid for user: hello
2025-09-28 15:41:57 [http-nio-8080-exec-1] DEBUG c.e.r.s.JwtAuthenticationFilter - User hello authenticated successfully
2025-09-28 15:41:57 [http-nio-8080-exec-1] DEBUG o.s.security.web.FilterChainProxy - Secured GET /api/characters
2025-09-28 15:41:57 [http-nio-8080-exec-6] DEBUG c.e.r.s.JwtAuthenticationFilter - User hello authenticated successfully
2025-09-28 15:41:57 [http-nio-8080-exec-6] DEBUG o.s.security.web.FilterChainProxy - Secured GET /api/knowledge-bases
2025-09-28 15:42:30 [http-nio-8080-exec-10] DEBUG o.s.security.web.FilterChainProxy - Securing POST /api/characters
2025-09-28 15:42:30 [http-nio-8080-exec-10] DEBUG c.e.r.s.JwtAuthenticationFilter - Processing request: POST /api/characters, JWT token present: true
2025-09-28 15:42:30 [http-nio-8080-exec-10] DEBUG c.e.r.s.JwtAuthenticationFilter - JWT token found: eyJhbGciOiJIUzI1NiJ9...
2025-09-28 15:42:30 [http-nio-8080-exec-10] DEBUG c.e.r.s.JwtAuthenticationFilter - JWT token is valid for user: hello
2025-09-28 15:42:30 [http-nio-8080-exec-10] DEBUG c.e.r.s.JwtAuthenticationFilter - User hello authenticated successfully
2025-09-28 15:42:30 [http-nio-8080-exec-10] DEBUG o.s.security.web.FilterChainProxy - Secured POST /api/characters
2025-09-28 15:42:30 [http-nio-8080-exec-10] INFO  c.e.ragone.service.CharacterService - Creating character for user: hello, name: 赫敏
2025-09-28 15:42:30 [http-nio-8080-exec-10] INFO  c.e.ragone.service.CharacterService - Character created successfully with ID: 24
2025-09-28 15:42:30 [http-nio-8080-exec-10] INFO  c.e.r.s.CharacterProfileService - Starting async profile generation for character: 24
2025-09-28 15:42:30 [http-nio-8080-exec-10] INFO  c.e.r.s.CharacterProfileService - Generating profile for character: 24
2025-09-28 15:42:30 [http-nio-8080-exec-10] DEBUG c.e.r.s.CharacterProfileService - Retrieving relevant content for character: 24
2025-09-28 15:42:30 [http-nio-8080-exec-10] INFO  c.e.r.service.HybridRetrievalService - 混合检索完成 - 向量结果: 5, 关键词结果: 0, 融合结果: 5
2025-09-28 15:42:30 [http-nio-8080-exec-10] INFO  c.e.r.service.HybridRetrievalService - 混合检索完成 - 向量结果: 5, 关键词结果: 0, 融合结果: 5
2025-09-28 15:42:30 [http-nio-8080-exec-10] INFO  c.e.r.service.HybridRetrievalService - 混合检索完成 - 向量结果: 5, 关键词结果: 0, 融合结果: 5
2025-09-28 15:42:31 [http-nio-8080-exec-10] INFO  c.e.r.service.HybridRetrievalService - 混合检索完成 - 向量结果: 5, 关键词结果: 0, 融合结果: 5
2025-09-28 15:42:31 [http-nio-8080-exec-10] INFO  c.e.r.service.HybridRetrievalService - 混合检索完成 - 向量结果: 5, 关键词结果: 0, 融合结果: 5
2025-09-28 15:42:31 [http-nio-8080-exec-10] INFO  c.e.r.service.HybridRetrievalService - 混合检索完成 - 向量结果: 5, 关键词结果: 0, 融合结果: 5
2025-09-28 15:42:31 [http-nio-8080-exec-10] DEBUG c.e.r.s.CharacterProfileService - Retrieved 25 unique chunks for character: 24
2025-09-28 15:42:31 [http-nio-8080-exec-10] DEBUG c.e.r.s.CharacterProfileService - Generating profile content for character: 24
2025-09-28 15:42:57 [http-nio-8080-exec-10] INFO  c.e.r.s.CharacterProfileService - Profile generated successfully for character: 24
2025-09-28 15:42:57 [http-nio-8080-exec-4] DEBUG o.s.security.web.FilterChainProxy - Securing GET /api/characters
2025-09-28 15:42:57 [http-nio-8080-exec-4] DEBUG c.e.r.s.JwtAuthenticationFilter - Processing request: GET /api/characters, JWT token present: true
2025-09-28 15:42:57 [http-nio-8080-exec-4] DEBUG c.e.r.s.JwtAuthenticationFilter - JWT token found: eyJhbGciOiJIUzI1NiJ9...
2025-09-28 15:42:57 [http-nio-8080-exec-4] DEBUG c.e.r.s.JwtAuthenticationFilter - JWT token is valid for user: hello
2025-09-28 15:42:57 [http-nio-8080-exec-4] DEBUG c.e.r.s.JwtAuthenticationFilter - User hello authenticated successfully
2025-09-28 15:42:57 [http-nio-8080-exec-4] DEBUG o.s.security.web.FilterChainProxy - Secured GET /api/characters
2025-09-28 15:43:05 [http-nio-8080-exec-7] DEBUG o.s.security.web.FilterChainProxy - Securing OPTIONS /api/characters/24/toggle-status
2025-09-28 15:43:05 [http-nio-8080-exec-3] DEBUG o.s.security.web.FilterChainProxy - Securing PATCH /api/characters/24/toggle-status
2025-09-28 15:43:05 [http-nio-8080-exec-3] DEBUG c.e.r.s.JwtAuthenticationFilter - Processing request: PATCH /api/characters/24/toggle-status, JWT token present: true
2025-09-28 15:43:05 [http-nio-8080-exec-3] DEBUG c.e.r.s.JwtAuthenticationFilter - JWT token found: eyJhbGciOiJIUzI1NiJ9...
2025-09-28 15:43:05 [http-nio-8080-exec-3] DEBUG c.e.r.s.JwtAuthenticationFilter - JWT token is valid for user: hello
2025-09-28 15:43:05 [http-nio-8080-exec-3] DEBUG c.e.r.s.JwtAuthenticationFilter - User hello authenticated successfully
2025-09-28 15:43:05 [http-nio-8080-exec-3] DEBUG o.s.security.web.FilterChainProxy - Secured PATCH /api/characters/24/toggle-status
2025-09-28 15:43:05 [http-nio-8080-exec-3] INFO  c.e.ragone.service.CharacterService - Activating character ID: 24 for user: hello
2025-09-28 15:43:05 [http-nio-8080-exec-3] INFO  c.e.ragone.service.CharacterService - Character status transition: DRAFT -> ACTIVE for character ID: 24
2025-09-28 15:43:05 [http-nio-8080-exec-3] INFO  c.e.ragone.service.CharacterService - Character activated successfully: 24 (from DRAFT to ACTIVE)
2025-09-28 15:43:05 [http-nio-8080-exec-9] DEBUG o.s.security.web.FilterChainProxy - Securing GET /api/characters
2025-09-28 15:43:05 [http-nio-8080-exec-9] DEBUG c.e.r.s.JwtAuthenticationFilter - Processing request: GET /api/characters, JWT token present: true
2025-09-28 15:43:05 [http-nio-8080-exec-9] DEBUG c.e.r.s.JwtAuthenticationFilter - JWT token found: eyJhbGciOiJIUzI1NiJ9...
2025-09-28 15:43:05 [http-nio-8080-exec-9] DEBUG c.e.r.s.JwtAuthenticationFilter - JWT token is valid for user: hello
2025-09-28 15:43:05 [http-nio-8080-exec-9] DEBUG c.e.r.s.JwtAuthenticationFilter - User hello authenticated successfully
2025-09-28 15:43:05 [http-nio-8080-exec-9] DEBUG o.s.security.web.FilterChainProxy - Secured GET /api/characters
2025-09-28 15:43:07 [http-nio-8080-exec-6] DEBUG o.s.security.web.FilterChainProxy - Securing GET /api/characters
2025-09-28 15:43:07 [http-nio-8080-exec-6] DEBUG c.e.r.s.JwtAuthenticationFilter - Processing request: GET /api/characters, JWT token present: true
2025-09-28 15:43:07 [http-nio-8080-exec-6] DEBUG c.e.r.s.JwtAuthenticationFilter - JWT token found: eyJhbGciOiJIUzI1NiJ9...
2025-09-28 15:43:07 [http-nio-8080-exec-6] DEBUG c.e.r.s.JwtAuthenticationFilter - JWT token is valid for user: hello
2025-09-28 15:43:07 [http-nio-8080-exec-6] DEBUG c.e.r.s.JwtAuthenticationFilter - User hello authenticated successfully
2025-09-28 15:43:07 [http-nio-8080-exec-6] DEBUG o.s.security.web.FilterChainProxy - Secured GET /api/characters
2025-09-28 15:43:07 [http-nio-8080-exec-1] DEBUG o.s.security.web.FilterChainProxy - Securing GET /api/characters
2025-09-28 15:43:07 [http-nio-8080-exec-1] DEBUG c.e.r.s.JwtAuthenticationFilter - Processing request: GET /api/characters, JWT token present: true
2025-09-28 15:43:07 [http-nio-8080-exec-1] DEBUG c.e.r.s.JwtAuthenticationFilter - JWT token found: eyJhbGciOiJIUzI1NiJ9...
2025-09-28 15:43:07 [http-nio-8080-exec-1] DEBUG c.e.r.s.JwtAuthenticationFilter - JWT token is valid for user: hello
2025-09-28 15:43:07 [http-nio-8080-exec-1] DEBUG c.e.r.s.JwtAuthenticationFilter - User hello authenticated successfully
2025-09-28 15:43:07 [http-nio-8080-exec-1] DEBUG o.s.security.web.FilterChainProxy - Secured GET /api/characters
2025-09-28 15:43:09 [http-nio-8080-exec-4] DEBUG o.s.security.web.FilterChainProxy - Securing GET /api/knowledge-bases
2025-09-28 15:43:09 [http-nio-8080-exec-10] DEBUG o.s.security.web.FilterChainProxy - Securing GET /api/characters
2025-09-28 15:43:09 [http-nio-8080-exec-4] DEBUG c.e.r.s.JwtAuthenticationFilter - Processing request: GET /api/knowledge-bases, JWT token present: true
2025-09-28 15:43:09 [http-nio-8080-exec-4] DEBUG c.e.r.s.JwtAuthenticationFilter - JWT token found: eyJhbGciOiJIUzI1NiJ9...
2025-09-28 15:43:09 [http-nio-8080-exec-10] DEBUG c.e.r.s.JwtAuthenticationFilter - Processing request: GET /api/characters, JWT token present: true
2025-09-28 15:43:09 [http-nio-8080-exec-10] DEBUG c.e.r.s.JwtAuthenticationFilter - JWT token found: eyJhbGciOiJIUzI1NiJ9...
2025-09-28 15:43:09 [http-nio-8080-exec-4] DEBUG c.e.r.s.JwtAuthenticationFilter - JWT token is valid for user: hello
2025-09-28 15:43:09 [http-nio-8080-exec-10] DEBUG c.e.r.s.JwtAuthenticationFilter - JWT token is valid for user: hello
2025-09-28 15:43:09 [http-nio-8080-exec-4] DEBUG c.e.r.s.JwtAuthenticationFilter - User hello authenticated successfully
2025-09-28 15:43:09 [http-nio-8080-exec-10] DEBUG c.e.r.s.JwtAuthenticationFilter - User hello authenticated successfully
2025-09-28 15:43:09 [http-nio-8080-exec-10] DEBUG o.s.security.web.FilterChainProxy - Secured GET /api/characters
2025-09-28 15:43:09 [http-nio-8080-exec-4] DEBUG o.s.security.web.FilterChainProxy - Secured GET /api/knowledge-bases
2025-09-28 15:43:09 [http-nio-8080-exec-5] DEBUG o.s.security.web.FilterChainProxy - Securing GET /api/knowledge-bases
2025-09-28 15:43:09 [http-nio-8080-exec-5] DEBUG c.e.r.s.JwtAuthenticationFilter - Processing request: GET /api/knowledge-bases, JWT token present: true
2025-09-28 15:43:09 [http-nio-8080-exec-5] DEBUG c.e.r.s.JwtAuthenticationFilter - JWT token found: eyJhbGciOiJIUzI1NiJ9...
2025-09-28 15:43:09 [http-nio-8080-exec-5] DEBUG c.e.r.s.JwtAuthenticationFilter - JWT token is valid for user: hello
2025-09-28 15:43:09 [http-nio-8080-exec-5] DEBUG c.e.r.s.JwtAuthenticationFilter - User hello authenticated successfully
2025-09-28 15:43:09 [http-nio-8080-exec-5] DEBUG o.s.security.web.FilterChainProxy - Secured GET /api/knowledge-bases
2025-09-28 15:43:09 [http-nio-8080-exec-2] DEBUG o.s.security.web.FilterChainProxy - Securing GET /api/characters
2025-09-28 15:43:09 [http-nio-8080-exec-2] DEBUG c.e.r.s.JwtAuthenticationFilter - Processing request: GET /api/characters, JWT token present: true
2025-09-28 15:43:09 [http-nio-8080-exec-2] DEBUG c.e.r.s.JwtAuthenticationFilter - JWT token found: eyJhbGciOiJIUzI1NiJ9...
2025-09-28 15:43:09 [http-nio-8080-exec-2] DEBUG c.e.r.s.JwtAuthenticationFilter - JWT token is valid for user: hello
2025-09-28 15:43:09 [http-nio-8080-exec-2] DEBUG c.e.r.s.JwtAuthenticationFilter - User hello authenticated successfully
2025-09-28 15:43:09 [http-nio-8080-exec-2] DEBUG o.s.security.web.FilterChainProxy - Secured GET /api/characters
2025-09-28 15:43:26 [http-nio-8080-exec-8] DEBUG o.s.security.web.FilterChainProxy - Securing POST /api/characters
2025-09-28 15:43:26 [http-nio-8080-exec-8] DEBUG c.e.r.s.JwtAuthenticationFilter - Processing request: POST /api/characters, JWT token present: true
2025-09-28 15:43:26 [http-nio-8080-exec-8] DEBUG c.e.r.s.JwtAuthenticationFilter - JWT token found: eyJhbGciOiJIUzI1NiJ9...
2025-09-28 15:43:26 [http-nio-8080-exec-8] DEBUG c.e.r.s.JwtAuthenticationFilter - JWT token is valid for user: hello
2025-09-28 15:43:26 [http-nio-8080-exec-8] DEBUG c.e.r.s.JwtAuthenticationFilter - User hello authenticated successfully
2025-09-28 15:43:26 [http-nio-8080-exec-8] DEBUG o.s.security.web.FilterChainProxy - Secured POST /api/characters
2025-09-28 15:43:26 [http-nio-8080-exec-8] INFO  c.e.ragone.service.CharacterService - Creating character for user: hello, name: 福地膜
2025-09-28 15:43:26 [http-nio-8080-exec-8] INFO  c.e.ragone.service.CharacterService - Character created successfully with ID: 25
2025-09-28 15:43:26 [http-nio-8080-exec-8] INFO  c.e.r.s.CharacterProfileService - Starting async profile generation for character: 25
2025-09-28 15:43:26 [http-nio-8080-exec-8] INFO  c.e.r.s.CharacterProfileService - Generating profile for character: 25
2025-09-28 15:43:26 [http-nio-8080-exec-8] DEBUG c.e.r.s.CharacterProfileService - Retrieving relevant content for character: 25
2025-09-28 15:43:26 [http-nio-8080-exec-8] INFO  c.e.r.service.HybridRetrievalService - 混合检索完成 - 向量结果: 5, 关键词结果: 0, 融合结果: 5
2025-09-28 15:43:26 [http-nio-8080-exec-8] INFO  c.e.r.service.HybridRetrievalService - 混合检索完成 - 向量结果: 5, 关键词结果: 0, 融合结果: 5
2025-09-28 15:43:27 [http-nio-8080-exec-8] INFO  c.e.r.service.HybridRetrievalService - 混合检索完成 - 向量结果: 5, 关键词结果: 0, 融合结果: 5
2025-09-28 15:43:27 [http-nio-8080-exec-8] INFO  c.e.r.service.HybridRetrievalService - 混合检索完成 - 向量结果: 5, 关键词结果: 0, 融合结果: 5
2025-09-28 15:43:27 [http-nio-8080-exec-8] INFO  c.e.r.service.HybridRetrievalService - 混合检索完成 - 向量结果: 5, 关键词结果: 0, 融合结果: 5
2025-09-28 15:43:27 [http-nio-8080-exec-8] INFO  c.e.r.service.HybridRetrievalService - 混合检索完成 - 向量结果: 5, 关键词结果: 0, 融合结果: 5
2025-09-28 15:43:27 [http-nio-8080-exec-8] DEBUG c.e.r.s.CharacterProfileService - Retrieved 25 unique chunks for character: 25
2025-09-28 15:43:27 [http-nio-8080-exec-8] DEBUG c.e.r.s.CharacterProfileService - Generating profile content for character: 25
2025-09-28 15:43:39 [http-nio-8080-exec-7] DEBUG o.s.security.web.FilterChainProxy - Securing GET /api/characters
2025-09-28 15:43:39 [http-nio-8080-exec-7] DEBUG c.e.r.s.JwtAuthenticationFilter - Processing request: GET /api/characters, JWT token present: true
2025-09-28 15:43:39 [http-nio-8080-exec-7] DEBUG c.e.r.s.JwtAuthenticationFilter - JWT token found: eyJhbGciOiJIUzI1NiJ9...
2025-09-28 15:43:39 [http-nio-8080-exec-7] DEBUG c.e.r.s.JwtAuthenticationFilter - JWT token is valid for user: hello
2025-09-28 15:43:39 [http-nio-8080-exec-7] DEBUG c.e.r.s.JwtAuthenticationFilter - User hello authenticated successfully
2025-09-28 15:43:39 [http-nio-8080-exec-7] DEBUG o.s.security.web.FilterChainProxy - Secured GET /api/characters
2025-09-28 15:43:39 [http-nio-8080-exec-3] DEBUG o.s.security.web.FilterChainProxy - Securing GET /api/characters
2025-09-28 15:43:39 [http-nio-8080-exec-3] DEBUG c.e.r.s.JwtAuthenticationFilter - Processing request: GET /api/characters, JWT token present: true
2025-09-28 15:43:39 [http-nio-8080-exec-3] DEBUG c.e.r.s.JwtAuthenticationFilter - JWT token found: eyJhbGciOiJIUzI1NiJ9...
2025-09-28 15:43:39 [http-nio-8080-exec-3] DEBUG c.e.r.s.JwtAuthenticationFilter - JWT token is valid for user: hello
2025-09-28 15:43:39 [http-nio-8080-exec-3] DEBUG c.e.r.s.JwtAuthenticationFilter - User hello authenticated successfully
2025-09-28 15:43:39 [http-nio-8080-exec-3] DEBUG o.s.security.web.FilterChainProxy - Secured GET /api/characters
2025-09-28 15:43:41 [http-nio-8080-exec-9] DEBUG o.s.security.web.FilterChainProxy - Securing GET /api/auth/me
2025-09-28 15:43:41 [http-nio-8080-exec-9] DEBUG c.e.r.s.JwtAuthenticationFilter - Processing request: GET /api/auth/me, JWT token present: true
2025-09-28 15:43:41 [http-nio-8080-exec-9] DEBUG c.e.r.s.JwtAuthenticationFilter - JWT token found: eyJhbGciOiJIUzI1NiJ9...
2025-09-28 15:43:41 [http-nio-8080-exec-9] DEBUG c.e.r.s.JwtAuthenticationFilter - JWT token is valid for user: hello
2025-09-28 15:43:41 [http-nio-8080-exec-9] DEBUG c.e.r.s.JwtAuthenticationFilter - User hello authenticated successfully
2025-09-28 15:43:41 [http-nio-8080-exec-9] DEBUG o.s.security.web.FilterChainProxy - Secured GET /api/auth/me
2025-09-28 15:43:41 [http-nio-8080-exec-6] DEBUG o.s.security.web.FilterChainProxy - Securing GET /api/auth/me
2025-09-28 15:43:41 [http-nio-8080-exec-6] DEBUG c.e.r.s.JwtAuthenticationFilter - Processing request: GET /api/auth/me, JWT token present: true
2025-09-28 15:43:41 [http-nio-8080-exec-6] DEBUG c.e.r.s.JwtAuthenticationFilter - JWT token found: eyJhbGciOiJIUzI1NiJ9...
2025-09-28 15:43:41 [http-nio-8080-exec-6] DEBUG c.e.r.s.JwtAuthenticationFilter - JWT token is valid for user: hello
2025-09-28 15:43:41 [http-nio-8080-exec-6] DEBUG c.e.r.s.JwtAuthenticationFilter - User hello authenticated successfully
2025-09-28 15:43:41 [http-nio-8080-exec-6] DEBUG o.s.security.web.FilterChainProxy - Secured GET /api/auth/me
2025-09-28 15:43:41 [http-nio-8080-exec-1] DEBUG o.s.security.web.FilterChainProxy - Securing GET /api/characters
2025-09-28 15:43:41 [http-nio-8080-exec-1] DEBUG c.e.r.s.JwtAuthenticationFilter - Processing request: GET /api/characters, JWT token present: true
2025-09-28 15:43:41 [http-nio-8080-exec-1] DEBUG c.e.r.s.JwtAuthenticationFilter - JWT token found: eyJhbGciOiJIUzI1NiJ9...
2025-09-28 15:43:41 [http-nio-8080-exec-1] DEBUG c.e.r.s.JwtAuthenticationFilter - JWT token is valid for user: hello
2025-09-28 15:43:41 [http-nio-8080-exec-1] DEBUG c.e.r.s.JwtAuthenticationFilter - User hello authenticated successfully
2025-09-28 15:43:41 [http-nio-8080-exec-1] DEBUG o.s.security.web.FilterChainProxy - Secured GET /api/characters
2025-09-28 15:43:41 [http-nio-8080-exec-4] DEBUG o.s.security.web.FilterChainProxy - Securing GET /api/characters
2025-09-28 15:43:41 [http-nio-8080-exec-4] DEBUG c.e.r.s.JwtAuthenticationFilter - Processing request: GET /api/characters, JWT token present: true
2025-09-28 15:43:41 [http-nio-8080-exec-4] DEBUG c.e.r.s.JwtAuthenticationFilter - JWT token found: eyJhbGciOiJIUzI1NiJ9...
2025-09-28 15:43:41 [http-nio-8080-exec-4] DEBUG c.e.r.s.JwtAuthenticationFilter - JWT token is valid for user: hello
2025-09-28 15:43:41 [http-nio-8080-exec-4] DEBUG c.e.r.s.JwtAuthenticationFilter - User hello authenticated successfully
2025-09-28 15:43:41 [http-nio-8080-exec-4] DEBUG o.s.security.web.FilterChainProxy - Secured GET /api/characters
2025-09-28 15:43:51 [http-nio-8080-exec-10] DEBUG o.s.security.web.FilterChainProxy - Securing GET /api/auth/me
2025-09-28 15:43:51 [http-nio-8080-exec-10] DEBUG c.e.r.s.JwtAuthenticationFilter - Processing request: GET /api/auth/me, JWT token present: true
2025-09-28 15:43:51 [http-nio-8080-exec-10] DEBUG c.e.r.s.JwtAuthenticationFilter - JWT token found: eyJhbGciOiJIUzI1NiJ9...
2025-09-28 15:43:51 [http-nio-8080-exec-10] DEBUG c.e.r.s.JwtAuthenticationFilter - JWT token is valid for user: hello
2025-09-28 15:43:51 [http-nio-8080-exec-10] DEBUG c.e.r.s.JwtAuthenticationFilter - User hello authenticated successfully
2025-09-28 15:43:51 [http-nio-8080-exec-10] DEBUG o.s.security.web.FilterChainProxy - Secured GET /api/auth/me
2025-09-28 15:43:51 [http-nio-8080-exec-5] DEBUG o.s.security.web.FilterChainProxy - Securing GET /api/auth/me
2025-09-28 15:43:51 [http-nio-8080-exec-5] DEBUG c.e.r.s.JwtAuthenticationFilter - Processing request: GET /api/auth/me, JWT token present: true
2025-09-28 15:43:51 [http-nio-8080-exec-5] DEBUG c.e.r.s.JwtAuthenticationFilter - JWT token found: eyJhbGciOiJIUzI1NiJ9...
2025-09-28 15:43:51 [http-nio-8080-exec-5] DEBUG c.e.r.s.JwtAuthenticationFilter - JWT token is valid for user: hello
2025-09-28 15:43:51 [http-nio-8080-exec-5] DEBUG c.e.r.s.JwtAuthenticationFilter - User hello authenticated successfully
2025-09-28 15:43:51 [http-nio-8080-exec-5] DEBUG o.s.security.web.FilterChainProxy - Secured GET /api/auth/me
2025-09-28 15:43:51 [http-nio-8080-exec-2] DEBUG o.s.security.web.FilterChainProxy - Securing GET /api/characters
2025-09-28 15:43:51 [http-nio-8080-exec-2] DEBUG c.e.r.s.JwtAuthenticationFilter - Processing request: GET /api/characters, JWT token present: true
2025-09-28 15:43:51 [http-nio-8080-exec-2] DEBUG c.e.r.s.JwtAuthenticationFilter - JWT token found: eyJhbGciOiJIUzI1NiJ9...
2025-09-28 15:43:51 [http-nio-8080-exec-2] DEBUG c.e.r.s.JwtAuthenticationFilter - JWT token is valid for user: hello
2025-09-28 15:43:51 [http-nio-8080-exec-2] DEBUG c.e.r.s.JwtAuthenticationFilter - User hello authenticated successfully
2025-09-28 15:43:51 [http-nio-8080-exec-2] DEBUG o.s.security.web.FilterChainProxy - Secured GET /api/characters
2025-09-28 15:43:51 [http-nio-8080-exec-7] DEBUG o.s.security.web.FilterChainProxy - Securing GET /api/characters
2025-09-28 15:43:51 [http-nio-8080-exec-7] DEBUG c.e.r.s.JwtAuthenticationFilter - Processing request: GET /api/characters, JWT token present: true
2025-09-28 15:43:51 [http-nio-8080-exec-7] DEBUG c.e.r.s.JwtAuthenticationFilter - JWT token found: eyJhbGciOiJIUzI1NiJ9...
2025-09-28 15:43:51 [http-nio-8080-exec-7] DEBUG c.e.r.s.JwtAuthenticationFilter - JWT token is valid for user: hello
2025-09-28 15:43:51 [http-nio-8080-exec-7] DEBUG c.e.r.s.JwtAuthenticationFilter - User hello authenticated successfully
2025-09-28 15:43:51 [http-nio-8080-exec-7] DEBUG o.s.security.web.FilterChainProxy - Secured GET /api/characters
2025-09-28 15:43:57 [http-nio-8080-exec-3] DEBUG o.s.security.web.FilterChainProxy - Securing GET /api/auth/me
2025-09-28 15:43:57 [http-nio-8080-exec-3] DEBUG c.e.r.s.JwtAuthenticationFilter - Processing request: GET /api/auth/me, JWT token present: true
2025-09-28 15:43:57 [http-nio-8080-exec-3] DEBUG c.e.r.s.JwtAuthenticationFilter - JWT token found: eyJhbGciOiJIUzI1NiJ9...
2025-09-28 15:43:57 [http-nio-8080-exec-3] DEBUG c.e.r.s.JwtAuthenticationFilter - JWT token is valid for user: hello
2025-09-28 15:43:57 [http-nio-8080-exec-3] DEBUG c.e.r.s.JwtAuthenticationFilter - User hello authenticated successfully
2025-09-28 15:43:57 [http-nio-8080-exec-3] DEBUG o.s.security.web.FilterChainProxy - Secured GET /api/auth/me
2025-09-28 15:43:57 [http-nio-8080-exec-9] DEBUG o.s.security.web.FilterChainProxy - Securing GET /api/auth/me
2025-09-28 15:43:57 [http-nio-8080-exec-9] DEBUG c.e.r.s.JwtAuthenticationFilter - Processing request: GET /api/auth/me, JWT token present: true
2025-09-28 15:43:57 [http-nio-8080-exec-9] DEBUG c.e.r.s.JwtAuthenticationFilter - JWT token found: eyJhbGciOiJIUzI1NiJ9...
2025-09-28 15:43:57 [http-nio-8080-exec-9] DEBUG c.e.r.s.JwtAuthenticationFilter - JWT token is valid for user: hello
2025-09-28 15:43:57 [http-nio-8080-exec-9] DEBUG c.e.r.s.JwtAuthenticationFilter - User hello authenticated successfully
2025-09-28 15:43:57 [http-nio-8080-exec-9] DEBUG o.s.security.web.FilterChainProxy - Secured GET /api/auth/me
2025-09-28 15:43:57 [http-nio-8080-exec-6] DEBUG o.s.security.web.FilterChainProxy - Securing GET /api/characters
2025-09-28 15:43:57 [http-nio-8080-exec-6] DEBUG c.e.r.s.JwtAuthenticationFilter - Processing request: GET /api/characters, JWT token present: true
2025-09-28 15:43:57 [http-nio-8080-exec-6] DEBUG c.e.r.s.JwtAuthenticationFilter - JWT token found: eyJhbGciOiJIUzI1NiJ9...
2025-09-28 15:43:57 [http-nio-8080-exec-6] DEBUG c.e.r.s.JwtAuthenticationFilter - JWT token is valid for user: hello
2025-09-28 15:43:57 [http-nio-8080-exec-6] DEBUG c.e.r.s.JwtAuthenticationFilter - User hello authenticated successfully
2025-09-28 15:43:57 [http-nio-8080-exec-6] DEBUG o.s.security.web.FilterChainProxy - Secured GET /api/characters
2025-09-28 15:43:57 [http-nio-8080-exec-1] DEBUG o.s.security.web.FilterChainProxy - Securing GET /api/characters
2025-09-28 15:43:57 [http-nio-8080-exec-1] DEBUG c.e.r.s.JwtAuthenticationFilter - Processing request: GET /api/characters, JWT token present: true
2025-09-28 15:43:57 [http-nio-8080-exec-1] DEBUG c.e.r.s.JwtAuthenticationFilter - JWT token found: eyJhbGciOiJIUzI1NiJ9...
2025-09-28 15:43:57 [http-nio-8080-exec-1] DEBUG c.e.r.s.JwtAuthenticationFilter - JWT token is valid for user: hello
2025-09-28 15:43:57 [http-nio-8080-exec-1] DEBUG c.e.r.s.JwtAuthenticationFilter - User hello authenticated successfully
2025-09-28 15:43:57 [http-nio-8080-exec-1] DEBUG o.s.security.web.FilterChainProxy - Secured GET /api/characters
2025-09-28 15:43:58 [http-nio-8080-exec-4] DEBUG o.s.security.web.FilterChainProxy - Securing GET /api/auth/me
2025-09-28 15:43:58 [http-nio-8080-exec-4] DEBUG c.e.r.s.JwtAuthenticationFilter - Processing request: GET /api/auth/me, JWT token present: true
2025-09-28 15:43:58 [http-nio-8080-exec-4] DEBUG c.e.r.s.JwtAuthenticationFilter - JWT token found: eyJhbGciOiJIUzI1NiJ9...
2025-09-28 15:43:58 [http-nio-8080-exec-4] DEBUG c.e.r.s.JwtAuthenticationFilter - JWT token is valid for user: hello
2025-09-28 15:43:58 [http-nio-8080-exec-4] DEBUG c.e.r.s.JwtAuthenticationFilter - User hello authenticated successfully
2025-09-28 15:43:58 [http-nio-8080-exec-4] DEBUG o.s.security.web.FilterChainProxy - Secured GET /api/auth/me
2025-09-28 15:43:58 [http-nio-8080-exec-10] DEBUG o.s.security.web.FilterChainProxy - Securing GET /api/auth/me
2025-09-28 15:43:58 [http-nio-8080-exec-10] DEBUG c.e.r.s.JwtAuthenticationFilter - Processing request: GET /api/auth/me, JWT token present: true
2025-09-28 15:43:58 [http-nio-8080-exec-10] DEBUG c.e.r.s.JwtAuthenticationFilter - JWT token found: eyJhbGciOiJIUzI1NiJ9...
2025-09-28 15:43:58 [http-nio-8080-exec-10] DEBUG c.e.r.s.JwtAuthenticationFilter - JWT token is valid for user: hello
2025-09-28 15:43:58 [http-nio-8080-exec-10] DEBUG c.e.r.s.JwtAuthenticationFilter - User hello authenticated successfully
2025-09-28 15:43:58 [http-nio-8080-exec-10] DEBUG o.s.security.web.FilterChainProxy - Secured GET /api/auth/me
2025-09-28 15:43:58 [http-nio-8080-exec-5] DEBUG o.s.security.web.FilterChainProxy - Securing GET /api/characters
2025-09-28 15:43:58 [http-nio-8080-exec-5] DEBUG c.e.r.s.JwtAuthenticationFilter - Processing request: GET /api/characters, JWT token present: true
2025-09-28 15:43:58 [http-nio-8080-exec-5] DEBUG c.e.r.s.JwtAuthenticationFilter - JWT token found: eyJhbGciOiJIUzI1NiJ9...
2025-09-28 15:43:58 [http-nio-8080-exec-5] DEBUG c.e.r.s.JwtAuthenticationFilter - JWT token is valid for user: hello
2025-09-28 15:43:58 [http-nio-8080-exec-5] DEBUG c.e.r.s.JwtAuthenticationFilter - User hello authenticated successfully
2025-09-28 15:43:58 [http-nio-8080-exec-5] DEBUG o.s.security.web.FilterChainProxy - Secured GET /api/characters
2025-09-28 15:43:58 [http-nio-8080-exec-2] DEBUG o.s.security.web.FilterChainProxy - Securing GET /api/characters
2025-09-28 15:43:58 [http-nio-8080-exec-2] DEBUG c.e.r.s.JwtAuthenticationFilter - Processing request: GET /api/characters, JWT token present: true
2025-09-28 15:43:58 [http-nio-8080-exec-2] DEBUG c.e.r.s.JwtAuthenticationFilter - JWT token found: eyJhbGciOiJIUzI1NiJ9...
2025-09-28 15:43:58 [http-nio-8080-exec-2] DEBUG c.e.r.s.JwtAuthenticationFilter - JWT token is valid for user: hello
2025-09-28 15:43:58 [http-nio-8080-exec-2] DEBUG c.e.r.s.JwtAuthenticationFilter - User hello authenticated successfully
2025-09-28 15:43:58 [http-nio-8080-exec-2] DEBUG o.s.security.web.FilterChainProxy - Secured GET /api/characters
2025-09-28 15:44:14 [http-nio-8080-exec-3] DEBUG o.s.security.web.FilterChainProxy - Securing GET /api/knowledge-bases
2025-09-28 15:44:14 [http-nio-8080-exec-7] DEBUG o.s.security.web.FilterChainProxy - Securing GET /api/characters
2025-09-28 15:44:14 [http-nio-8080-exec-3] DEBUG c.e.r.s.JwtAuthenticationFilter - Processing request: GET /api/knowledge-bases, JWT token present: true
2025-09-28 15:44:14 [http-nio-8080-exec-3] DEBUG c.e.r.s.JwtAuthenticationFilter - JWT token found: eyJhbGciOiJIUzI1NiJ9...
2025-09-28 15:44:14 [http-nio-8080-exec-7] DEBUG c.e.r.s.JwtAuthenticationFilter - Processing request: GET /api/characters, JWT token present: true
2025-09-28 15:44:14 [http-nio-8080-exec-7] DEBUG c.e.r.s.JwtAuthenticationFilter - JWT token found: eyJhbGciOiJIUzI1NiJ9...
2025-09-28 15:44:14 [http-nio-8080-exec-3] DEBUG c.e.r.s.JwtAuthenticationFilter - JWT token is valid for user: hello
2025-09-28 15:44:14 [http-nio-8080-exec-7] DEBUG c.e.r.s.JwtAuthenticationFilter - JWT token is valid for user: hello
2025-09-28 15:44:14 [http-nio-8080-exec-3] DEBUG c.e.r.s.JwtAuthenticationFilter - User hello authenticated successfully
2025-09-28 15:44:14 [http-nio-8080-exec-3] DEBUG o.s.security.web.FilterChainProxy - Secured GET /api/knowledge-bases
2025-09-28 15:44:14 [http-nio-8080-exec-7] DEBUG c.e.r.s.JwtAuthenticationFilter - User hello authenticated successfully
2025-09-28 15:44:14 [http-nio-8080-exec-7] DEBUG o.s.security.web.FilterChainProxy - Secured GET /api/characters
2025-09-28 15:44:14 [http-nio-8080-exec-9] DEBUG o.s.security.web.FilterChainProxy - Securing GET /api/knowledge-bases
2025-09-28 15:44:14 [http-nio-8080-exec-9] DEBUG c.e.r.s.JwtAuthenticationFilter - Processing request: GET /api/knowledge-bases, JWT token present: true
2025-09-28 15:44:14 [http-nio-8080-exec-9] DEBUG c.e.r.s.JwtAuthenticationFilter - JWT token found: eyJhbGciOiJIUzI1NiJ9...
2025-09-28 15:44:14 [http-nio-8080-exec-9] DEBUG c.e.r.s.JwtAuthenticationFilter - JWT token is valid for user: hello
2025-09-28 15:44:14 [http-nio-8080-exec-9] DEBUG c.e.r.s.JwtAuthenticationFilter - User hello authenticated successfully
2025-09-28 15:44:14 [http-nio-8080-exec-9] DEBUG o.s.security.web.FilterChainProxy - Secured GET /api/knowledge-bases
2025-09-28 15:44:14 [http-nio-8080-exec-6] DEBUG o.s.security.web.FilterChainProxy - Securing GET /api/characters
2025-09-28 15:44:14 [http-nio-8080-exec-6] DEBUG c.e.r.s.JwtAuthenticationFilter - Processing request: GET /api/characters, JWT token present: true
2025-09-28 15:44:14 [http-nio-8080-exec-6] DEBUG c.e.r.s.JwtAuthenticationFilter - JWT token found: eyJhbGciOiJIUzI1NiJ9...
2025-09-28 15:44:14 [http-nio-8080-exec-6] DEBUG c.e.r.s.JwtAuthenticationFilter - JWT token is valid for user: hello
2025-09-28 15:44:14 [http-nio-8080-exec-6] DEBUG c.e.r.s.JwtAuthenticationFilter - User hello authenticated successfully
2025-09-28 15:44:14 [http-nio-8080-exec-6] DEBUG o.s.security.web.FilterChainProxy - Secured GET /api/characters
2025-09-28 15:44:16 [http-nio-8080-exec-1] DEBUG o.s.security.web.FilterChainProxy - Securing GET /api/characters
2025-09-28 15:44:16 [http-nio-8080-exec-1] DEBUG c.e.r.s.JwtAuthenticationFilter - Processing request: GET /api/characters, JWT token present: true
2025-09-28 15:44:16 [http-nio-8080-exec-1] DEBUG c.e.r.s.JwtAuthenticationFilter - JWT token found: eyJhbGciOiJIUzI1NiJ9...
2025-09-28 15:44:16 [http-nio-8080-exec-1] DEBUG c.e.r.s.JwtAuthenticationFilter - JWT token is valid for user: hello
2025-09-28 15:44:16 [http-nio-8080-exec-1] DEBUG c.e.r.s.JwtAuthenticationFilter - User hello authenticated successfully
2025-09-28 15:44:16 [http-nio-8080-exec-1] DEBUG o.s.security.web.FilterChainProxy - Secured GET /api/characters
2025-09-28 15:44:20 [http-nio-8080-exec-4] DEBUG o.s.security.web.FilterChainProxy - Securing GET /api/characters
2025-09-28 15:44:20 [http-nio-8080-exec-4] DEBUG c.e.r.s.JwtAuthenticationFilter - Processing request: GET /api/characters, JWT token present: true
2025-09-28 15:44:20 [http-nio-8080-exec-4] DEBUG c.e.r.s.JwtAuthenticationFilter - JWT token found: eyJhbGciOiJIUzI1NiJ9...
2025-09-28 15:44:20 [http-nio-8080-exec-4] DEBUG c.e.r.s.JwtAuthenticationFilter - JWT token is valid for user: hello
2025-09-28 15:44:20 [http-nio-8080-exec-4] DEBUG c.e.r.s.JwtAuthenticationFilter - User hello authenticated successfully
2025-09-28 15:44:20 [http-nio-8080-exec-4] DEBUG o.s.security.web.FilterChainProxy - Secured GET /api/characters
2025-09-28 15:44:20 [http-nio-8080-exec-10] DEBUG o.s.security.web.FilterChainProxy - Securing GET /api/characters
2025-09-28 15:44:20 [http-nio-8080-exec-10] DEBUG c.e.r.s.JwtAuthenticationFilter - Processing request: GET /api/characters, JWT token present: true
2025-09-28 15:44:20 [http-nio-8080-exec-10] DEBUG c.e.r.s.JwtAuthenticationFilter - JWT token found: eyJhbGciOiJIUzI1NiJ9...
2025-09-28 15:44:20 [http-nio-8080-exec-10] DEBUG c.e.r.s.JwtAuthenticationFilter - JWT token is valid for user: hello
2025-09-28 15:44:20 [http-nio-8080-exec-10] DEBUG c.e.r.s.JwtAuthenticationFilter - User hello authenticated successfully
2025-09-28 15:44:20 [http-nio-8080-exec-10] DEBUG o.s.security.web.FilterChainProxy - Secured GET /api/characters
2025-09-28 15:44:22 [http-nio-8080-exec-5] DEBUG o.s.security.web.FilterChainProxy - Securing POST /api/roleplay/start
2025-09-28 15:44:22 [http-nio-8080-exec-5] DEBUG c.e.r.s.JwtAuthenticationFilter - Processing request: POST /api/roleplay/start, JWT token present: true
2025-09-28 15:44:22 [http-nio-8080-exec-5] DEBUG c.e.r.s.JwtAuthenticationFilter - JWT token found: eyJhbGciOiJIUzI1NiJ9...
2025-09-28 15:44:22 [http-nio-8080-exec-5] DEBUG c.e.r.s.JwtAuthenticationFilter - JWT token is valid for user: hello
2025-09-28 15:44:22 [http-nio-8080-exec-5] DEBUG c.e.r.s.JwtAuthenticationFilter - User hello authenticated successfully
2025-09-28 15:44:22 [http-nio-8080-exec-5] DEBUG o.s.security.web.FilterChainProxy - Secured POST /api/roleplay/start
2025-09-28 15:44:22 [http-nio-8080-exec-5] INFO  c.e.ragone.service.RolePlayService - Creating roleplay session for user: hello, character: 23
2025-09-28 15:44:22 [http-nio-8080-exec-5] INFO  c.e.ragone.service.RolePlayService - Roleplay session created: rp_1759045462318_f6ab4d49
2025-09-28 15:44:22 [http-nio-8080-exec-2] DEBUG o.s.security.web.FilterChainProxy - Securing GET /api/characters/23
2025-09-28 15:44:22 [http-nio-8080-exec-2] DEBUG c.e.r.s.JwtAuthenticationFilter - Processing request: GET /api/characters/23, JWT token present: true
2025-09-28 15:44:22 [http-nio-8080-exec-2] DEBUG c.e.r.s.JwtAuthenticationFilter - JWT token found: eyJhbGciOiJIUzI1NiJ9...
2025-09-28 15:44:22 [http-nio-8080-exec-2] DEBUG c.e.r.s.JwtAuthenticationFilter - JWT token is valid for user: hello
2025-09-28 15:44:22 [http-nio-8080-exec-2] DEBUG c.e.r.s.JwtAuthenticationFilter - User hello authenticated successfully
2025-09-28 15:44:22 [http-nio-8080-exec-2] DEBUG o.s.security.web.FilterChainProxy - Secured GET /api/characters/23
2025-09-28 15:44:23 [http-nio-8080-exec-3] DEBUG o.s.security.web.FilterChainProxy - Securing POST /api/roleplay/start
2025-09-28 15:44:23 [http-nio-8080-exec-3] DEBUG c.e.r.s.JwtAuthenticationFilter - Processing request: POST /api/roleplay/start, JWT token present: true
2025-09-28 15:44:23 [http-nio-8080-exec-3] DEBUG c.e.r.s.JwtAuthenticationFilter - JWT token found: eyJhbGciOiJIUzI1NiJ9...
2025-09-28 15:44:23 [http-nio-8080-exec-3] DEBUG c.e.r.s.JwtAuthenticationFilter - JWT token is valid for user: hello
2025-09-28 15:44:23 [http-nio-8080-exec-3] DEBUG c.e.r.s.JwtAuthenticationFilter - User hello authenticated successfully
2025-09-28 15:44:23 [http-nio-8080-exec-3] DEBUG o.s.security.web.FilterChainProxy - Secured POST /api/roleplay/start
2025-09-28 15:44:23 [http-nio-8080-exec-3] INFO  c.e.ragone.service.RolePlayService - Creating roleplay session for user: hello, character: 23
2025-09-28 15:44:23 [http-nio-8080-exec-3] INFO  c.e.ragone.service.RolePlayService - Roleplay session created: rp_1759045463451_f12c5856
2025-09-28 15:44:26 [http-nio-8080-exec-8] INFO  c.e.r.s.CharacterProfileService - Profile generated successfully for character: 25
2025-09-28 15:44:31 [http-nio-8080-exec-9] DEBUG o.s.security.web.FilterChainProxy - Securing POST /api/roleplay/message
2025-09-28 15:44:31 [http-nio-8080-exec-9] DEBUG c.e.r.s.JwtAuthenticationFilter - Processing request: POST /api/roleplay/message, JWT token present: true
2025-09-28 15:44:31 [http-nio-8080-exec-9] DEBUG c.e.r.s.JwtAuthenticationFilter - JWT token found: eyJhbGciOiJIUzI1NiJ9...
2025-09-28 15:44:31 [http-nio-8080-exec-9] DEBUG c.e.r.s.JwtAuthenticationFilter - JWT token is valid for user: hello
2025-09-28 15:44:31 [http-nio-8080-exec-9] DEBUG c.e.r.s.JwtAuthenticationFilter - User hello authenticated successfully
2025-09-28 15:44:31 [http-nio-8080-exec-9] DEBUG o.s.security.web.FilterChainProxy - Secured POST /api/roleplay/message
2025-09-28 15:44:31 [http-nio-8080-exec-9] INFO  c.e.r.controller.RolePlayController - === 收到发送消息请求 ===
2025-09-28 15:44:31 [http-nio-8080-exec-9] INFO  c.e.r.controller.RolePlayController - 请求体: {sessionId=rp_1759045463451_f12c5856, message=你好}
2025-09-28 15:44:31 [http-nio-8080-exec-9] INFO  c.e.r.controller.RolePlayController - 用户身份验证: hello
2025-09-28 15:44:31 [http-nio-8080-exec-9] INFO  c.e.r.controller.RolePlayController - 会话ID: rp_1759045463451_f12c5856, 消息: 你好
2025-09-28 15:44:31 [http-nio-8080-exec-9] INFO  c.e.ragone.service.RolePlayService - Processing message for session: rp_1759045463451_f12c5856, user: hello
2025-09-28 15:44:31 [http-nio-8080-exec-9] DEBUG c.e.ragone.service.RolePlayService - Retrieving relevant context for message: 你好
2025-09-28 15:44:31 [http-nio-8080-exec-9] INFO  c.e.r.service.HybridRetrievalService - 混合检索完成 - 向量结果: 5, 关键词结果: 3, 融合结果: 5
2025-09-28 15:44:31 [http-nio-8080-exec-9] DEBUG c.e.ragone.service.RolePlayService - Retrieved 5 context chunks
2025-09-28 15:44:31 [http-nio-8080-exec-9] DEBUG c.e.ragone.service.RolePlayService - Generating character response using AI model
2025-09-28 15:44:35 [http-nio-8080-exec-9] DEBUG c.e.ragone.service.RolePlayService - AI response generated successfully, length: 240
2025-09-28 15:44:35 [http-nio-8080-exec-9] INFO  c.e.ragone.service.RolePlayService - Message processed successfully for session: rp_1759045463451_f12c5856, turn: 1
2025-09-28 15:45:01 [http-nio-8080-exec-7] DEBUG o.s.security.web.FilterChainProxy - Securing POST /api/audio/speech-to-text
2025-09-28 15:45:01 [http-nio-8080-exec-7] DEBUG c.e.r.s.JwtAuthenticationFilter - Processing request: POST /api/audio/speech-to-text, JWT token present: true
2025-09-28 15:45:01 [http-nio-8080-exec-7] DEBUG c.e.r.s.JwtAuthenticationFilter - JWT token found: eyJhbGciOiJIUzI1NiJ9...
2025-09-28 15:45:01 [http-nio-8080-exec-7] DEBUG c.e.r.s.JwtAuthenticationFilter - JWT token is valid for user: hello
2025-09-28 15:45:01 [http-nio-8080-exec-7] DEBUG c.e.r.s.JwtAuthenticationFilter - User hello authenticated successfully
2025-09-28 15:45:01 [http-nio-8080-exec-7] DEBUG o.s.security.web.FilterChainProxy - Secured POST /api/audio/speech-to-text
2025-09-28 15:45:01 [http-nio-8080-exec-7] INFO  c.e.ragone.service.AudioService - 开始语音转文本，文件大小: 61019 bytes, 语言: zh
2025-09-28 15:45:04 [http-nio-8080-exec-7] INFO  c.e.ragone.service.AudioService - 语音转文本成功，转录结果: 就比如说123321123321123321。
2025-09-28 15:45:06 [http-nio-8080-exec-6] DEBUG o.s.security.web.FilterChainProxy - Securing POST /api/roleplay/message
2025-09-28 15:45:06 [http-nio-8080-exec-6] DEBUG c.e.r.s.JwtAuthenticationFilter - Processing request: POST /api/roleplay/message, JWT token present: true
2025-09-28 15:45:06 [http-nio-8080-exec-6] DEBUG c.e.r.s.JwtAuthenticationFilter - JWT token found: eyJhbGciOiJIUzI1NiJ9...
2025-09-28 15:45:06 [http-nio-8080-exec-6] DEBUG c.e.r.s.JwtAuthenticationFilter - JWT token is valid for user: hello
2025-09-28 15:45:06 [http-nio-8080-exec-6] DEBUG c.e.r.s.JwtAuthenticationFilter - User hello authenticated successfully
2025-09-28 15:45:06 [http-nio-8080-exec-6] DEBUG o.s.security.web.FilterChainProxy - Secured POST /api/roleplay/message
2025-09-28 15:45:06 [http-nio-8080-exec-6] INFO  c.e.r.controller.RolePlayController - === 收到发送消息请求 ===
2025-09-28 15:45:06 [http-nio-8080-exec-6] INFO  c.e.r.controller.RolePlayController - 请求体: {sessionId=rp_1759045463451_f12c5856, message=就比如说123321123321123321。}
2025-09-28 15:45:06 [http-nio-8080-exec-6] INFO  c.e.r.controller.RolePlayController - 用户身份验证: hello
2025-09-28 15:45:06 [http-nio-8080-exec-6] INFO  c.e.r.controller.RolePlayController - 会话ID: rp_1759045463451_f12c5856, 消息: 就比如说123321123321123321。
2025-09-28 15:45:06 [http-nio-8080-exec-6] INFO  c.e.ragone.service.RolePlayService - Processing message for session: rp_1759045463451_f12c5856, user: hello
2025-09-28 15:45:06 [http-nio-8080-exec-6] DEBUG c.e.ragone.service.RolePlayService - Retrieving relevant context for message: 就比如说123321123321123321。
2025-09-28 15:45:06 [http-nio-8080-exec-6] INFO  c.e.r.service.HybridRetrievalService - 混合检索完成 - 向量结果: 5, 关键词结果: 0, 融合结果: 5
2025-09-28 15:45:06 [http-nio-8080-exec-6] DEBUG c.e.ragone.service.RolePlayService - Retrieved 5 context chunks
2025-09-28 15:45:06 [http-nio-8080-exec-6] DEBUG c.e.ragone.service.RolePlayService - Generating character response using AI model
2025-09-28 15:45:09 [http-nio-8080-exec-6] DEBUG c.e.ragone.service.RolePlayService - AI response generated successfully, length: 233
2025-09-28 15:45:09 [http-nio-8080-exec-6] INFO  c.e.ragone.service.RolePlayService - Message processed successfully for session: rp_1759045463451_f12c5856, turn: 2
2025-09-28 15:45:20 [http-nio-8080-exec-4] DEBUG o.s.security.web.FilterChainProxy - Securing GET /api/characters
2025-09-28 15:45:20 [http-nio-8080-exec-4] DEBUG c.e.r.s.JwtAuthenticationFilter - Processing request: GET /api/characters, JWT token present: true
2025-09-28 15:45:20 [http-nio-8080-exec-4] DEBUG c.e.r.s.JwtAuthenticationFilter - JWT token found: eyJhbGciOiJIUzI1NiJ9...
2025-09-28 15:45:20 [http-nio-8080-exec-4] DEBUG c.e.r.s.JwtAuthenticationFilter - JWT token is valid for user: hello
2025-09-28 15:45:20 [http-nio-8080-exec-4] DEBUG c.e.r.s.JwtAuthenticationFilter - User hello authenticated successfully
2025-09-28 15:45:20 [http-nio-8080-exec-4] DEBUG o.s.security.web.FilterChainProxy - Secured GET /api/characters
2025-09-28 15:45:25 [http-nio-8080-exec-5] DEBUG o.s.security.web.FilterChainProxy - Securing GET /api/knowledge-bases
2025-09-28 15:45:25 [http-nio-8080-exec-5] DEBUG c.e.r.s.JwtAuthenticationFilter - Processing request: GET /api/knowledge-bases, JWT token present: true
2025-09-28 15:45:25 [http-nio-8080-exec-5] DEBUG c.e.r.s.JwtAuthenticationFilter - JWT token found: eyJhbGciOiJIUzI1NiJ9...
2025-09-28 15:45:25 [http-nio-8080-exec-5] DEBUG c.e.r.s.JwtAuthenticationFilter - JWT token is valid for user: hello
2025-09-28 15:45:25 [http-nio-8080-exec-5] DEBUG c.e.r.s.JwtAuthenticationFilter - User hello authenticated successfully
2025-09-28 15:45:25 [http-nio-8080-exec-5] DEBUG o.s.security.web.FilterChainProxy - Secured GET /api/knowledge-bases
2025-09-28 15:45:25 [http-nio-8080-exec-2] DEBUG o.s.security.web.FilterChainProxy - Securing GET /api/knowledge-bases
2025-09-28 15:45:25 [http-nio-8080-exec-2] DEBUG c.e.r.s.JwtAuthenticationFilter - Processing request: GET /api/knowledge-bases, JWT token present: true
2025-09-28 15:45:25 [http-nio-8080-exec-2] DEBUG c.e.r.s.JwtAuthenticationFilter - JWT token found: eyJhbGciOiJIUzI1NiJ9...
2025-09-28 15:45:25 [http-nio-8080-exec-2] DEBUG c.e.r.s.JwtAuthenticationFilter - JWT token is valid for user: hello
2025-09-28 15:45:25 [http-nio-8080-exec-2] DEBUG c.e.r.s.JwtAuthenticationFilter - User hello authenticated successfully
2025-09-28 15:45:25 [http-nio-8080-exec-2] DEBUG o.s.security.web.FilterChainProxy - Secured GET /api/knowledge-bases
2025-09-28 15:45:25 [http-nio-8080-exec-3] DEBUG o.s.security.web.FilterChainProxy - Securing GET /api/characters
2025-09-28 15:45:25 [http-nio-8080-exec-8] DEBUG o.s.security.web.FilterChainProxy - Securing GET /api/knowledge-bases
2025-09-28 15:45:25 [http-nio-8080-exec-3] DEBUG c.e.r.s.JwtAuthenticationFilter - Processing request: GET /api/characters, JWT token present: true
2025-09-28 15:45:25 [http-nio-8080-exec-3] DEBUG c.e.r.s.JwtAuthenticationFilter - JWT token found: eyJhbGciOiJIUzI1NiJ9...
2025-09-28 15:45:25 [http-nio-8080-exec-3] DEBUG c.e.r.s.JwtAuthenticationFilter - JWT token is valid for user: hello
2025-09-28 15:45:25 [http-nio-8080-exec-8] DEBUG c.e.r.s.JwtAuthenticationFilter - Processing request: GET /api/knowledge-bases, JWT token present: true
2025-09-28 15:45:25 [http-nio-8080-exec-8] DEBUG c.e.r.s.JwtAuthenticationFilter - JWT token found: eyJhbGciOiJIUzI1NiJ9...
2025-09-28 15:45:25 [http-nio-8080-exec-8] DEBUG c.e.r.s.JwtAuthenticationFilter - JWT token is valid for user: hello
2025-09-28 15:45:25 [http-nio-8080-exec-3] DEBUG c.e.r.s.JwtAuthenticationFilter - User hello authenticated successfully
2025-09-28 15:45:25 [http-nio-8080-exec-3] DEBUG o.s.security.web.FilterChainProxy - Secured GET /api/characters
2025-09-28 15:45:25 [http-nio-8080-exec-8] DEBUG c.e.r.s.JwtAuthenticationFilter - User hello authenticated successfully
2025-09-28 15:45:25 [http-nio-8080-exec-8] DEBUG o.s.security.web.FilterChainProxy - Secured GET /api/knowledge-bases
2025-09-28 15:45:25 [http-nio-8080-exec-9] DEBUG o.s.security.web.FilterChainProxy - Securing GET /api/knowledge-bases
2025-09-28 15:45:25 [http-nio-8080-exec-9] DEBUG c.e.r.s.JwtAuthenticationFilter - Processing request: GET /api/knowledge-bases, JWT token present: true
2025-09-28 15:45:25 [http-nio-8080-exec-9] DEBUG c.e.r.s.JwtAuthenticationFilter - JWT token found: eyJhbGciOiJIUzI1NiJ9...
2025-09-28 15:45:25 [http-nio-8080-exec-9] DEBUG c.e.r.s.JwtAuthenticationFilter - JWT token is valid for user: hello
2025-09-28 15:45:25 [http-nio-8080-exec-9] DEBUG c.e.r.s.JwtAuthenticationFilter - User hello authenticated successfully
2025-09-28 15:45:25 [http-nio-8080-exec-9] DEBUG o.s.security.web.FilterChainProxy - Secured GET /api/knowledge-bases
2025-09-28 15:45:25 [http-nio-8080-exec-7] DEBUG o.s.security.web.FilterChainProxy - Securing GET /api/characters
2025-09-28 15:45:25 [http-nio-8080-exec-7] DEBUG c.e.r.s.JwtAuthenticationFilter - Processing request: GET /api/characters, JWT token present: true
2025-09-28 15:45:25 [http-nio-8080-exec-7] DEBUG c.e.r.s.JwtAuthenticationFilter - JWT token found: eyJhbGciOiJIUzI1NiJ9...
2025-09-28 15:45:25 [http-nio-8080-exec-7] DEBUG c.e.r.s.JwtAuthenticationFilter - JWT token is valid for user: hello
2025-09-28 15:45:25 [http-nio-8080-exec-7] DEBUG c.e.r.s.JwtAuthenticationFilter - User hello authenticated successfully
2025-09-28 15:45:25 [http-nio-8080-exec-7] DEBUG o.s.security.web.FilterChainProxy - Secured GET /api/characters
2025-09-28 15:45:27 [http-nio-8080-exec-6] DEBUG o.s.security.web.FilterChainProxy - Securing GET /api/knowledge-bases
2025-09-28 15:45:27 [http-nio-8080-exec-6] DEBUG c.e.r.s.JwtAuthenticationFilter - Processing request: GET /api/knowledge-bases, JWT token present: true
2025-09-28 15:45:27 [http-nio-8080-exec-6] DEBUG c.e.r.s.JwtAuthenticationFilter - JWT token found: eyJhbGciOiJIUzI1NiJ9...
2025-09-28 15:45:27 [http-nio-8080-exec-6] DEBUG c.e.r.s.JwtAuthenticationFilter - JWT token is valid for user: hello
2025-09-28 15:45:27 [http-nio-8080-exec-6] DEBUG c.e.r.s.JwtAuthenticationFilter - User hello authenticated successfully
2025-09-28 15:45:27 [http-nio-8080-exec-6] DEBUG o.s.security.web.FilterChainProxy - Secured GET /api/knowledge-bases
2025-09-28 15:45:27 [http-nio-8080-exec-1] DEBUG o.s.security.web.FilterChainProxy - Securing GET /api/knowledge-bases
2025-09-28 15:45:27 [http-nio-8080-exec-1] DEBUG c.e.r.s.JwtAuthenticationFilter - Processing request: GET /api/knowledge-bases, JWT token present: true
2025-09-28 15:45:27 [http-nio-8080-exec-1] DEBUG c.e.r.s.JwtAuthenticationFilter - JWT token found: eyJhbGciOiJIUzI1NiJ9...
2025-09-28 15:45:27 [http-nio-8080-exec-1] DEBUG c.e.r.s.JwtAuthenticationFilter - JWT token is valid for user: hello
2025-09-28 15:45:27 [http-nio-8080-exec-1] DEBUG c.e.r.s.JwtAuthenticationFilter - User hello authenticated successfully
2025-09-28 15:45:27 [http-nio-8080-exec-1] DEBUG o.s.security.web.FilterChainProxy - Secured GET /api/knowledge-bases
2025-09-28 15:45:27 [http-nio-8080-exec-4] DEBUG o.s.security.web.FilterChainProxy - Securing GET /api/knowledge-bases
2025-09-28 15:45:27 [http-nio-8080-exec-4] DEBUG c.e.r.s.JwtAuthenticationFilter - Processing request: GET /api/knowledge-bases, JWT token present: true
2025-09-28 15:45:27 [http-nio-8080-exec-4] DEBUG c.e.r.s.JwtAuthenticationFilter - JWT token found: eyJhbGciOiJIUzI1NiJ9...
2025-09-28 15:45:27 [http-nio-8080-exec-4] DEBUG c.e.r.s.JwtAuthenticationFilter - JWT token is valid for user: hello
2025-09-28 15:45:27 [http-nio-8080-exec-4] DEBUG c.e.r.s.JwtAuthenticationFilter - User hello authenticated successfully
2025-09-28 15:45:27 [http-nio-8080-exec-4] DEBUG o.s.security.web.FilterChainProxy - Secured GET /api/knowledge-bases
2025-09-28 15:45:27 [http-nio-8080-exec-10] DEBUG o.s.security.web.FilterChainProxy - Securing GET /api/knowledge-bases
2025-09-28 15:45:27 [http-nio-8080-exec-10] DEBUG c.e.r.s.JwtAuthenticationFilter - Processing request: GET /api/knowledge-bases, JWT token present: true
2025-09-28 15:45:27 [http-nio-8080-exec-10] DEBUG c.e.r.s.JwtAuthenticationFilter - JWT token found: eyJhbGciOiJIUzI1NiJ9...
2025-09-28 15:45:27 [http-nio-8080-exec-10] DEBUG c.e.r.s.JwtAuthenticationFilter - JWT token is valid for user: hello
2025-09-28 15:45:27 [http-nio-8080-exec-10] DEBUG c.e.r.s.JwtAuthenticationFilter - User hello authenticated successfully
2025-09-28 15:45:27 [http-nio-8080-exec-10] DEBUG o.s.security.web.FilterChainProxy - Secured GET /api/knowledge-bases
2025-09-28 15:45:30 [http-nio-8080-exec-5] DEBUG o.s.security.web.FilterChainProxy - Securing GET /api/knowledge-bases
2025-09-28 15:45:30 [http-nio-8080-exec-5] DEBUG c.e.r.s.JwtAuthenticationFilter - Processing request: GET /api/knowledge-bases, JWT token present: true
2025-09-28 15:45:30 [http-nio-8080-exec-5] DEBUG c.e.r.s.JwtAuthenticationFilter - JWT token found: eyJhbGciOiJIUzI1NiJ9...
2025-09-28 15:45:30 [http-nio-8080-exec-5] DEBUG c.e.r.s.JwtAuthenticationFilter - JWT token is valid for user: hello
2025-09-28 15:45:30 [http-nio-8080-exec-5] DEBUG c.e.r.s.JwtAuthenticationFilter - User hello authenticated successfully
2025-09-28 15:45:30 [http-nio-8080-exec-5] DEBUG o.s.security.web.FilterChainProxy - Secured GET /api/knowledge-bases
2025-09-28 15:45:30 [http-nio-8080-exec-2] DEBUG o.s.security.web.FilterChainProxy - Securing GET /api/knowledge-bases
2025-09-28 15:45:30 [http-nio-8080-exec-2] DEBUG c.e.r.s.JwtAuthenticationFilter - Processing request: GET /api/knowledge-bases, JWT token present: true
2025-09-28 15:45:30 [http-nio-8080-exec-2] DEBUG c.e.r.s.JwtAuthenticationFilter - JWT token found: eyJhbGciOiJIUzI1NiJ9...
2025-09-28 15:45:30 [http-nio-8080-exec-2] DEBUG c.e.r.s.JwtAuthenticationFilter - JWT token is valid for user: hello
2025-09-28 15:45:30 [http-nio-8080-exec-2] DEBUG c.e.r.s.JwtAuthenticationFilter - User hello authenticated successfully
2025-09-28 15:45:30 [http-nio-8080-exec-2] DEBUG o.s.security.web.FilterChainProxy - Secured GET /api/knowledge-bases
2025-09-28 15:45:30 [http-nio-8080-exec-8] DEBUG o.s.security.web.FilterChainProxy - Securing GET /api/documents?knowledgeBaseId=6
2025-09-28 15:45:30 [http-nio-8080-exec-8] DEBUG c.e.r.s.JwtAuthenticationFilter - Processing request: GET /api/documents, JWT token present: true
2025-09-28 15:45:30 [http-nio-8080-exec-8] DEBUG c.e.r.s.JwtAuthenticationFilter - JWT token found: eyJhbGciOiJIUzI1NiJ9...
2025-09-28 15:45:30 [http-nio-8080-exec-8] DEBUG c.e.r.s.JwtAuthenticationFilter - JWT token is valid for user: hello
2025-09-28 15:45:30 [http-nio-8080-exec-8] DEBUG c.e.r.s.JwtAuthenticationFilter - User hello authenticated successfully
2025-09-28 15:45:30 [http-nio-8080-exec-8] DEBUG o.s.security.web.FilterChainProxy - Secured GET /api/documents?knowledgeBaseId=6
2025-09-28 15:45:31 [http-nio-8080-exec-3] DEBUG o.s.security.web.FilterChainProxy - Securing GET /api/characters
2025-09-28 15:45:31 [http-nio-8080-exec-3] DEBUG c.e.r.s.JwtAuthenticationFilter - Processing request: GET /api/characters, JWT token present: true
2025-09-28 15:45:31 [http-nio-8080-exec-3] DEBUG c.e.r.s.JwtAuthenticationFilter - JWT token found: eyJhbGciOiJIUzI1NiJ9...
2025-09-28 15:45:31 [http-nio-8080-exec-3] DEBUG c.e.r.s.JwtAuthenticationFilter - JWT token is valid for user: hello
2025-09-28 15:45:31 [http-nio-8080-exec-3] DEBUG c.e.r.s.JwtAuthenticationFilter - User hello authenticated successfully
2025-09-28 15:45:31 [http-nio-8080-exec-3] DEBUG o.s.security.web.FilterChainProxy - Secured GET /api/characters
2025-09-28 15:45:31 [http-nio-8080-exec-9] DEBUG o.s.security.web.FilterChainProxy - Securing GET /api/characters
2025-09-28 15:45:31 [http-nio-8080-exec-9] DEBUG c.e.r.s.JwtAuthenticationFilter - Processing request: GET /api/characters, JWT token present: true
2025-09-28 15:45:31 [http-nio-8080-exec-9] DEBUG c.e.r.s.JwtAuthenticationFilter - JWT token found: eyJhbGciOiJIUzI1NiJ9...
2025-09-28 15:45:31 [http-nio-8080-exec-9] DEBUG c.e.r.s.JwtAuthenticationFilter - JWT token is valid for user: hello
2025-09-28 15:45:31 [http-nio-8080-exec-9] DEBUG c.e.r.s.JwtAuthenticationFilter - User hello authenticated successfully
2025-09-28 15:45:31 [http-nio-8080-exec-9] DEBUG o.s.security.web.FilterChainProxy - Secured GET /api/characters
2025-09-28 16:04:15 [http-nio-8080-exec-4] DEBUG o.s.security.web.FilterChainProxy - Securing POST /api/roleplay/start
2025-09-28 16:04:15 [http-nio-8080-exec-4] DEBUG c.e.r.s.JwtAuthenticationFilter - Processing request: POST /api/roleplay/start, JWT token present: true
2025-09-28 16:04:15 [http-nio-8080-exec-4] DEBUG c.e.r.s.JwtAuthenticationFilter - JWT token found: eyJhbGciOiJIUzI1NiJ9...
2025-09-28 16:04:15 [http-nio-8080-exec-4] DEBUG c.e.r.s.JwtAuthenticationFilter - JWT token is valid for user: hello
2025-09-28 16:04:15 [http-nio-8080-exec-4] DEBUG c.e.r.s.JwtAuthenticationFilter - User hello authenticated successfully
2025-09-28 16:04:15 [http-nio-8080-exec-4] DEBUG o.s.security.web.FilterChainProxy - Secured POST /api/roleplay/start
2025-09-28 16:04:15 [http-nio-8080-exec-4] INFO  c.e.ragone.service.RolePlayService - Creating roleplay session for user: hello, character: 23
2025-09-28 16:04:15 [http-nio-8080-exec-4] INFO  c.e.ragone.service.RolePlayService - Roleplay session created: rp_1759046655525_649bdc33
2025-09-28 16:04:16 [http-nio-8080-exec-10] DEBUG o.s.security.web.FilterChainProxy - Securing GET /api/characters/23
2025-09-28 16:04:16 [http-nio-8080-exec-10] DEBUG c.e.r.s.JwtAuthenticationFilter - Processing request: GET /api/characters/23, JWT token present: true
2025-09-28 16:04:16 [http-nio-8080-exec-10] DEBUG c.e.r.s.JwtAuthenticationFilter - JWT token found: eyJhbGciOiJIUzI1NiJ9...
2025-09-28 16:04:16 [http-nio-8080-exec-10] DEBUG c.e.r.s.JwtAuthenticationFilter - JWT token is valid for user: hello
2025-09-28 16:04:16 [http-nio-8080-exec-10] DEBUG c.e.r.s.JwtAuthenticationFilter - User hello authenticated successfully
2025-09-28 16:04:16 [http-nio-8080-exec-10] DEBUG o.s.security.web.FilterChainProxy - Secured GET /api/characters/23
2025-09-28 16:04:17 [http-nio-8080-exec-5] DEBUG o.s.security.web.FilterChainProxy - Securing POST /api/roleplay/start
2025-09-28 16:04:17 [http-nio-8080-exec-5] DEBUG c.e.r.s.JwtAuthenticationFilter - Processing request: POST /api/roleplay/start, JWT token present: true
2025-09-28 16:04:17 [http-nio-8080-exec-5] DEBUG c.e.r.s.JwtAuthenticationFilter - JWT token found: eyJhbGciOiJIUzI1NiJ9...
2025-09-28 16:04:17 [http-nio-8080-exec-5] DEBUG c.e.r.s.JwtAuthenticationFilter - JWT token is valid for user: hello
2025-09-28 16:04:17 [http-nio-8080-exec-5] DEBUG c.e.r.s.JwtAuthenticationFilter - User hello authenticated successfully
2025-09-28 16:04:17 [http-nio-8080-exec-5] DEBUG o.s.security.web.FilterChainProxy - Secured POST /api/roleplay/start
2025-09-28 16:04:17 [http-nio-8080-exec-5] INFO  c.e.ragone.service.RolePlayService - Creating roleplay session for user: hello, character: 23
2025-09-28 16:04:17 [http-nio-8080-exec-5] INFO  c.e.ragone.service.RolePlayService - Roleplay session created: rp_1759046657135_553f3b39
2025-09-28 16:04:18 [http-nio-8080-exec-2] DEBUG o.s.security.web.FilterChainProxy - Securing GET /api/roleplay/sessions?characterId=23
2025-09-28 16:04:18 [http-nio-8080-exec-2] DEBUG c.e.r.s.JwtAuthenticationFilter - Processing request: GET /api/roleplay/sessions, JWT token present: true
2025-09-28 16:04:18 [http-nio-8080-exec-2] DEBUG c.e.r.s.JwtAuthenticationFilter - JWT token found: eyJhbGciOiJIUzI1NiJ9...
2025-09-28 16:04:18 [http-nio-8080-exec-2] DEBUG c.e.r.s.JwtAuthenticationFilter - JWT token is valid for user: hello
2025-09-28 16:04:18 [http-nio-8080-exec-2] DEBUG c.e.r.s.JwtAuthenticationFilter - User hello authenticated successfully
2025-09-28 16:04:18 [http-nio-8080-exec-2] DEBUG o.s.security.web.FilterChainProxy - Secured GET /api/roleplay/sessions?characterId=23
2025-09-28 16:04:20 [http-nio-8080-exec-8] DEBUG o.s.security.web.FilterChainProxy - Securing GET /api/characters/23
2025-09-28 16:04:20 [http-nio-8080-exec-3] DEBUG o.s.security.web.FilterChainProxy - Securing OPTIONS /api/roleplay/sessions/rp_1759045463451_f12c5856
2025-09-28 16:04:20 [http-nio-8080-exec-8] DEBUG c.e.r.s.JwtAuthenticationFilter - Processing request: GET /api/characters/23, JWT token present: true
2025-09-28 16:04:20 [http-nio-8080-exec-8] DEBUG c.e.r.s.JwtAuthenticationFilter - JWT token found: eyJhbGciOiJIUzI1NiJ9...
2025-09-28 16:04:20 [http-nio-8080-exec-8] DEBUG c.e.r.s.JwtAuthenticationFilter - JWT token is valid for user: hello
2025-09-28 16:04:20 [http-nio-8080-exec-9] DEBUG o.s.security.web.FilterChainProxy - Securing GET /api/roleplay/sessions/rp_1759045463451_f12c5856
2025-09-28 16:04:20 [http-nio-8080-exec-9] DEBUG c.e.r.s.JwtAuthenticationFilter - Processing request: GET /api/roleplay/sessions/rp_1759045463451_f12c5856, JWT token present: true
2025-09-28 16:04:20 [http-nio-8080-exec-9] DEBUG c.e.r.s.JwtAuthenticationFilter - JWT token found: eyJhbGciOiJIUzI1NiJ9...
2025-09-28 16:04:20 [http-nio-8080-exec-9] DEBUG c.e.r.s.JwtAuthenticationFilter - JWT token is valid for user: hello
2025-09-28 16:04:20 [http-nio-8080-exec-8] DEBUG c.e.r.s.JwtAuthenticationFilter - User hello authenticated successfully
2025-09-28 16:04:20 [http-nio-8080-exec-8] DEBUG o.s.security.web.FilterChainProxy - Secured GET /api/characters/23
2025-09-28 16:04:20 [http-nio-8080-exec-9] DEBUG c.e.r.s.JwtAuthenticationFilter - User hello authenticated successfully
2025-09-28 16:04:20 [http-nio-8080-exec-9] DEBUG o.s.security.web.FilterChainProxy - Secured GET /api/roleplay/sessions/rp_1759045463451_f12c5856
2025-09-28 16:04:20 [http-nio-8080-exec-7] DEBUG o.s.security.web.FilterChainProxy - Securing OPTIONS /api/roleplay/sessions/rp_1759045463451_f12c5856/history
2025-09-28 16:04:20 [http-nio-8080-exec-6] DEBUG o.s.security.web.FilterChainProxy - Securing GET /api/roleplay/sessions/rp_1759045463451_f12c5856/history
2025-09-28 16:04:20 [http-nio-8080-exec-6] DEBUG c.e.r.s.JwtAuthenticationFilter - Processing request: GET /api/roleplay/sessions/rp_1759045463451_f12c5856/history, JWT token present: true
2025-09-28 16:04:20 [http-nio-8080-exec-6] DEBUG c.e.r.s.JwtAuthenticationFilter - JWT token found: eyJhbGciOiJIUzI1NiJ9...
2025-09-28 16:04:20 [http-nio-8080-exec-6] DEBUG c.e.r.s.JwtAuthenticationFilter - JWT token is valid for user: hello
2025-09-28 16:04:20 [http-nio-8080-exec-6] DEBUG c.e.r.s.JwtAuthenticationFilter - User hello authenticated successfully
2025-09-28 16:04:20 [http-nio-8080-exec-6] DEBUG o.s.security.web.FilterChainProxy - Secured GET /api/roleplay/sessions/rp_1759045463451_f12c5856/history
2025-09-28 16:04:53 [http-nio-8080-exec-1] DEBUG o.s.security.web.FilterChainProxy - Securing POST /api/roleplay/message
2025-09-28 16:04:53 [http-nio-8080-exec-1] DEBUG c.e.r.s.JwtAuthenticationFilter - Processing request: POST /api/roleplay/message, JWT token present: true
2025-09-28 16:04:53 [http-nio-8080-exec-1] DEBUG c.e.r.s.JwtAuthenticationFilter - JWT token found: eyJhbGciOiJIUzI1NiJ9...
2025-09-28 16:04:53 [http-nio-8080-exec-1] DEBUG c.e.r.s.JwtAuthenticationFilter - JWT token is valid for user: hello
2025-09-28 16:04:53 [http-nio-8080-exec-1] DEBUG c.e.r.s.JwtAuthenticationFilter - User hello authenticated successfully
2025-09-28 16:04:53 [http-nio-8080-exec-1] DEBUG o.s.security.web.FilterChainProxy - Secured POST /api/roleplay/message
2025-09-28 16:04:53 [http-nio-8080-exec-1] INFO  c.e.r.controller.RolePlayController - === 收到发送消息请求 ===
2025-09-28 16:04:53 [http-nio-8080-exec-1] INFO  c.e.r.controller.RolePlayController - 请求体: {sessionId=rp_1759045463451_f12c5856, message=你可否记得福地魔}
2025-09-28 16:04:53 [http-nio-8080-exec-1] INFO  c.e.r.controller.RolePlayController - 用户身份验证: hello
2025-09-28 16:04:53 [http-nio-8080-exec-1] INFO  c.e.r.controller.RolePlayController - 会话ID: rp_1759045463451_f12c5856, 消息: 你可否记得福地魔
2025-09-28 16:04:53 [http-nio-8080-exec-1] INFO  c.e.ragone.service.RolePlayService - Processing message for session: rp_1759045463451_f12c5856, user: hello
2025-09-28 16:04:53 [http-nio-8080-exec-1] DEBUG c.e.ragone.service.RolePlayService - Retrieving relevant context for message: 你可否记得福地魔
2025-09-28 16:04:53 [http-nio-8080-exec-1] INFO  c.e.r.service.HybridRetrievalService - 混合检索完成 - 向量结果: 5, 关键词结果: 0, 融合结果: 5
2025-09-28 16:04:53 [http-nio-8080-exec-1] DEBUG c.e.ragone.service.RolePlayService - Retrieved 5 context chunks
2025-09-28 16:04:53 [http-nio-8080-exec-1] DEBUG c.e.ragone.service.RolePlayService - Generating character response using AI model
2025-09-28 16:04:58 [http-nio-8080-exec-1] DEBUG c.e.ragone.service.RolePlayService - AI response generated successfully, length: 291
2025-09-28 16:04:58 [http-nio-8080-exec-1] INFO  c.e.ragone.service.RolePlayService - Message processed successfully for session: rp_1759045463451_f12c5856, turn: 3
